{
    "date": "2023-10-26T11:16:05.000Z",
    "institution": "LUND",
    "passed": true,
    "problems": false,
    "properties": {
        "DCS": {
            "ABC_temp_raw_1": 2779.0,
            "ABC_temp_raw_10": 2675.0,
            "ABC_temp_raw_2": 2952.0,
            "ABC_temp_raw_3": 2832.0,
            "ABC_temp_raw_4": 2867.0,
            "ABC_temp_raw_5": 2706.0,
            "ABC_temp_raw_6": 2519.0,
            "ABC_temp_raw_7": 2782.0,
            "ABC_temp_raw_8": 2791.0,
            "ABC_temp_raw_9": 2717.0,
            "AMAC_AM600BG": 668.0,
            "AMAC_AM900BG": 984.0,
            "AMAC_AMref": 135.0,
            "AMAC_BG600": 708.0,
            "AMAC_CAL": 5.0,
            "AMAC_CALx": 39.0,
            "AMAC_CALy": 40.0,
            "AMAC_CHIPGND": 18.0,
            "AMAC_CTAT": 555.0,
            "AMAC_Cur10V": 849.0,
            "AMAC_Cur1V5": 545.0,
            "AMAC_DCDCin": 11955.0,
            "AMAC_DCDCinHigh": 942.0,
            "AMAC_DCDCinLow": 935.0,
            "AMAC_DCDCoutHigh": 889.0,
            "AMAC_DCDCoutLow": 872.0,
            "AMAC_HGND": 18.0,
            "AMAC_HVret": 522.0,
            "AMAC_HVret_V": 104.0,
            "AMAC_Hrefx": 36.0,
            "AMAC_Hrefy": 35.0,
            "AMAC_NTCpb": 1.545373558998108,
            "AMAC_NTCpb_V": 413.0,
            "AMAC_NTCx": -3.6285462379455566,
            "AMAC_NTCx_V": 395.0,
            "AMAC_NTCy": -29.8878231048584,
            "AMAC_NTCy_V": 287.0,
            "AMAC_PTAT_V": 1204.0,
            "AMAC_Shuntx": 168.0,
            "AMAC_Shunty": 162.0,
            "AMAC_VDCDC": 1446.0,
            "AMAC_VDDHI": 3520.0,
            "AMAC_VDDLRhigh": 862.0,
            "AMAC_VDDLRlow": 862.0,
            "AMAC_VREG": 1321.5,
            "HCC_temp_raw": 416.0,
            "HCC_temp_rough_cal": 23.175994873046875,
            "Module 1_HV_current": 35525.69921875,
            "Module 1_HV_voltage": -349960.0
        },
        "det_info": {
            "ABC_Fuse": [
                "8943d857",
                "8943d856",
                "8943d855",
                "8943d853",
                "8943d852",
                "8943d851",
                "8943d850",
                "8943d84f",
                "8943d84e",
                "8943d84d"
            ],
            "Address": [
                0,
                1,
                2,
                3,
                4,
                5,
                6,
                7,
                8,
                9
            ],
            "Channel": [
                1,
                2,
                3,
                4,
                5,
                6,
                7,
                8,
                9,
                10
            ],
            "DUT_type": "ABCStar_Test     #FMC-DP connec",
            "HCC_Fuse": "20401216",
            "Module 1_HV_model": "dt1415",
            "name": "star_barrel_LS_X_chipset_10"
        },
        "scan_info": {
            "event_count": 100
        },
        "system_info": {
            "Analysis_time": "2023-10-26T11:16:06.000Z",
            "Firmware revision": "0xb5fb",
            "GIT URL": "https://gitlab.cern.ch/atlas-itk-strips-daq/itsdaq-sw.git/-/tree/2c16fbef8ab56ba4f093cdec5b766ec08fbfe7b0",
            "GIT branch": "",
            "GIT build date": "2023-10-19 12:01:05 +0000 (Thu, 19 Oct 2023)",
            "GIT commit date": "2023-10-18 14:18:06 +0000 (Wed, 18 Oct 2023)",
            "GIT describe": "itsdaq_23_3_2023-832-g2c16fbef8",
            "GIT revision": "2c16fbef8ab56ba4f093cdec5b766ec08fbfe7b0",
            "Location": "COLDBOX",
            "User": "EWAL",
            "analysis_version": "3.43",
            "dedication": "New dedication as we're going for PPA",
            "host": "itkdaq"
        },
        "trim_offset": 15,
        "trim_range": 6
    },
    "results": {
        "trim_away": [
            8,
            15,
            14,
            15,
            24,
            5,
            12,
            7,
            7,
            13,
            12,
            13,
            15,
            9,
            2,
            12,
            10,
            17,
            20,
            18,
            13,
            17,
            16,
            17,
            10,
            15,
            13,
            12,
            11,
            6,
            10,
            19,
            17,
            2,
            17,
            7,
            15,
            9,
            15,
            13,
            12,
            6,
            13,
            16,
            12,
            9,
            22,
            16,
            21,
            16,
            11,
            14,
            14,
            15,
            15,
            2,
            18,
            9,
            13,
            19,
            8,
            9,
            26,
            11,
            15,
            4,
            7,
            8,
            16,
            9,
            21,
            6,
            13,
            13,
            15,
            21,
            13,
            19,
            14,
            15,
            12,
            15,
            13,
            17,
            19,
            19,
            10,
            20,
            17,
            12,
            11,
            15,
            11,
            15,
            17,
            10,
            10,
            8,
            15,
            13,
            19,
            17,
            15,
            10,
            12,
            17,
            16,
            10,
            9,
            10,
            14,
            18,
            21,
            9,
            8,
            15,
            10,
            13,
            14,
            9,
            11,
            12,
            12,
            16,
            13,
            16,
            19,
            14,
            14,
            10,
            14,
            12,
            16,
            19,
            6,
            16,
            15,
            20,
            20,
            15,
            11,
            8,
            18,
            17,
            15,
            26,
            22,
            9,
            19,
            16,
            20,
            20,
            8,
            7,
            14,
            17,
            22,
            7,
            9,
            17,
            14,
            17,
            16,
            23,
            9,
            15,
            15,
            11,
            11,
            11,
            15,
            12,
            10,
            20,
            20,
            17,
            13,
            11,
            14,
            21,
            21,
            15,
            10,
            15,
            7,
            20,
            21,
            12,
            13,
            13,
            21,
            18,
            16,
            14,
            10,
            7,
            11,
            14,
            20,
            14,
            12,
            9,
            21,
            11,
            21,
            12,
            14,
            10,
            16,
            12,
            14,
            14,
            13,
            8,
            12,
            10,
            20,
            18,
            4,
            14,
            13,
            18,
            16,
            22,
            8,
            23,
            10,
            8,
            9,
            6,
            15,
            19,
            12,
            14,
            24,
            15,
            13,
            13,
            14,
            8,
            14,
            6,
            9,
            11,
            10,
            13,
            21,
            17,
            14,
            9,
            16,
            16,
            16,
            11,
            18,
            19,
            13,
            19,
            18,
            26,
            20,
            8,
            13,
            15,
            17,
            15,
            16,
            21,
            20,
            13,
            16,
            15,
            16,
            13,
            16,
            14,
            18,
            9,
            20,
            12,
            9,
            17,
            13,
            18,
            25,
            16,
            16,
            15,
            22,
            25,
            16,
            15,
            20,
            16,
            15,
            18,
            6,
            20,
            15,
            16,
            12,
            12,
            17,
            21,
            13,
            21,
            11,
            16,
            20,
            13,
            10,
            14,
            11,
            25,
            13,
            12,
            16,
            4,
            23,
            11,
            16,
            21,
            16,
            3,
            11,
            17,
            15,
            18,
            6,
            16,
            15,
            13,
            15,
            11,
            20,
            18,
            14,
            20,
            15,
            16,
            12,
            19,
            9,
            22,
            19,
            24,
            13,
            19,
            17,
            12,
            11,
            15,
            15,
            22,
            21,
            15,
            15,
            18,
            20,
            13,
            15,
            15,
            18,
            8,
            12,
            14,
            13,
            9,
            15,
            15,
            13,
            12,
            12,
            9,
            11,
            16,
            16,
            7,
            13,
            13,
            12,
            18,
            16,
            16,
            16,
            21,
            21,
            19,
            19,
            28,
            14,
            20,
            8,
            12,
            18,
            22,
            8,
            17,
            17,
            12,
            15,
            18,
            17,
            16,
            14,
            12,
            14,
            9,
            11,
            19,
            18,
            9,
            19,
            19,
            13,
            14,
            22,
            27,
            12,
            18,
            10,
            16,
            12,
            19,
            21,
            18,
            10,
            11,
            18,
            16,
            21,
            26,
            13,
            13,
            15,
            14,
            17,
            20,
            6,
            20,
            17,
            21,
            19,
            15,
            13,
            17,
            15,
            13,
            17,
            14,
            15,
            17,
            21,
            18,
            14,
            18,
            18,
            16,
            13,
            24,
            12,
            15,
            7,
            17,
            12,
            14,
            8,
            16,
            28,
            22,
            17,
            18,
            21,
            14,
            20,
            15,
            14,
            14,
            16,
            17,
            18,
            12,
            16,
            17,
            20,
            8,
            12,
            23,
            6,
            10,
            17,
            6,
            9,
            12,
            15,
            15,
            14,
            19,
            17,
            11,
            11,
            15,
            16,
            12,
            21,
            6,
            5,
            9,
            20,
            13,
            12,
            12,
            23,
            11,
            14,
            12,
            19,
            17,
            11,
            20,
            16,
            18,
            20,
            18,
            15,
            13,
            23,
            18,
            16,
            18,
            5,
            15,
            13,
            16,
            19,
            12,
            14,
            20,
            17,
            11,
            21,
            13,
            10,
            11,
            17,
            11,
            15,
            18,
            7,
            20,
            19,
            17,
            15,
            19,
            15,
            19,
            18,
            13,
            18,
            23,
            20,
            19,
            10,
            13,
            17,
            21,
            13,
            18,
            20,
            19,
            10,
            16,
            20,
            13,
            16,
            16,
            21,
            16,
            15,
            7,
            20,
            23,
            11,
            14,
            11,
            14,
            20,
            12,
            15,
            18,
            13,
            11,
            19,
            20,
            18,
            14,
            25,
            15,
            11,
            22,
            13,
            20,
            17,
            16,
            22,
            18,
            20,
            24,
            15,
            16,
            18,
            13,
            22,
            12,
            12,
            14,
            10,
            18,
            16,
            13,
            18,
            13,
            21,
            15,
            20,
            23,
            13,
            14,
            14,
            9,
            18,
            8,
            25,
            7,
            22,
            9,
            13,
            17,
            9,
            11,
            12,
            16,
            6,
            7,
            11,
            7,
            21,
            13,
            14,
            14,
            15,
            15,
            0,
            15,
            11,
            16,
            16,
            6,
            19,
            17,
            8,
            19,
            13,
            15,
            19,
            16,
            14,
            8,
            11,
            12,
            7,
            7,
            16,
            14,
            14,
            11,
            15,
            10,
            9,
            14,
            19,
            6,
            23,
            7,
            8,
            23,
            16,
            14,
            18,
            9,
            16,
            16,
            28,
            14,
            11,
            17,
            10,
            18,
            15,
            17,
            9,
            13,
            17,
            25,
            18,
            15,
            21,
            14,
            17,
            17,
            8,
            11,
            18,
            10,
            9,
            22,
            20,
            18,
            15,
            8,
            11,
            15,
            19,
            9,
            17,
            20,
            22,
            16,
            14,
            23,
            16,
            15,
            20,
            15,
            12,
            12,
            16,
            17,
            24,
            6,
            18,
            16,
            21,
            21,
            13,
            16,
            17,
            16,
            18,
            9,
            25,
            13,
            5,
            16,
            16,
            20,
            12,
            18,
            22,
            19,
            13,
            19,
            17,
            24,
            18,
            12,
            15,
            15,
            18,
            9,
            14,
            20,
            21,
            20,
            21,
            21,
            19,
            12,
            24,
            17,
            22,
            19,
            27,
            14,
            15,
            28,
            17,
            23,
            14,
            27,
            26,
            6,
            22,
            10,
            15,
            18,
            15,
            17,
            23,
            7,
            21,
            6,
            14,
            19,
            21,
            25,
            15,
            20,
            23,
            12,
            18,
            26,
            16,
            13,
            21,
            19,
            9,
            11,
            16,
            19,
            19,
            17,
            12,
            20,
            15,
            10,
            17,
            7,
            19,
            18,
            22,
            16,
            22,
            8,
            14,
            24,
            10,
            19,
            20,
            21,
            25,
            15,
            23,
            14,
            22,
            18,
            16,
            20,
            9,
            19,
            22,
            16,
            14,
            16,
            27,
            21,
            13,
            16,
            15,
            17,
            4,
            13,
            19,
            18,
            20,
            14,
            15,
            11,
            21,
            15,
            19,
            21,
            14,
            19,
            14,
            21,
            21,
            12,
            18,
            19,
            19,
            18,
            26,
            12,
            12,
            18,
            22,
            19,
            17,
            26,
            17,
            11,
            18,
            23,
            9,
            16,
            5,
            13,
            13,
            21,
            16,
            18,
            15,
            18,
            18,
            15,
            23,
            13,
            19,
            16,
            17,
            15,
            17,
            16,
            13,
            20,
            14,
            8,
            17,
            25,
            18,
            24,
            17,
            12,
            15,
            13,
            13,
            18,
            12,
            9,
            13,
            9,
            14,
            20,
            12,
            17,
            12,
            7,
            11,
            10,
            13,
            7,
            15,
            11,
            17,
            13,
            10,
            9,
            20,
            13,
            17,
            10,
            11,
            14,
            15,
            13,
            14,
            13,
            20,
            9,
            16,
            4,
            9,
            17,
            16,
            21,
            25,
            8,
            18,
            16,
            4,
            9,
            16,
            15,
            16,
            10,
            20,
            16,
            11,
            10,
            17,
            15,
            17,
            9,
            25,
            15,
            21,
            11,
            14,
            20,
            8,
            11,
            14,
            17,
            2,
            11,
            11,
            16,
            14,
            14,
            13,
            14,
            16,
            15,
            11,
            19,
            14,
            20,
            16,
            15,
            20,
            10,
            14,
            12,
            13,
            13,
            19,
            14,
            17,
            16,
            12,
            20,
            19,
            15,
            8,
            17,
            15,
            17,
            14,
            19,
            13,
            15,
            16,
            17,
            21,
            24,
            8,
            16,
            16,
            21,
            14,
            17,
            21,
            18,
            21,
            10,
            20,
            16,
            12,
            5,
            15,
            16,
            20,
            21,
            17,
            14,
            21,
            12,
            18,
            19,
            20,
            17,
            12,
            18,
            10,
            11,
            12,
            11,
            17,
            20,
            26,
            22,
            17,
            5,
            11,
            11,
            12,
            25,
            13,
            13,
            23,
            13,
            18,
            10,
            8,
            24,
            10,
            14,
            9,
            19,
            14,
            24,
            14,
            22,
            13,
            14,
            20,
            10,
            24,
            15,
            15,
            13,
            17,
            22,
            15,
            18,
            19,
            12,
            20,
            20,
            12,
            13,
            21,
            17,
            19,
            11,
            22,
            16,
            20,
            8,
            14,
            19,
            14,
            11,
            19,
            11,
            15,
            10,
            14,
            21,
            13,
            10,
            15,
            12,
            13,
            25,
            22,
            14,
            16,
            18,
            25,
            20,
            10,
            17,
            22,
            19,
            11,
            17,
            18,
            22,
            19,
            14,
            15,
            11,
            18,
            11,
            16,
            18,
            13,
            10,
            18,
            12,
            18,
            17,
            4,
            18,
            17,
            14,
            12,
            16,
            9,
            10,
            15,
            11,
            16,
            13,
            12,
            1,
            22,
            13,
            15,
            15,
            18,
            10,
            18,
            16,
            16,
            17,
            13,
            12,
            15,
            10,
            12,
            15,
            14,
            8,
            7,
            22,
            16,
            16,
            16,
            16,
            20,
            17,
            11,
            22,
            15,
            13,
            9,
            13,
            11,
            16,
            0,
            14,
            20,
            7,
            16,
            14,
            12,
            22,
            15,
            11,
            16,
            11,
            16,
            15,
            12,
            14,
            22,
            7,
            10,
            12,
            20,
            20,
            18,
            15,
            10,
            7,
            9,
            14,
            17,
            11,
            15,
            8,
            15,
            15,
            17,
            17,
            10,
            10,
            15,
            19,
            8,
            11,
            18,
            19,
            11,
            15,
            13,
            14,
            12,
            14,
            18,
            11,
            18,
            14,
            10,
            17,
            13,
            18,
            23,
            21,
            14,
            16,
            16,
            8,
            19,
            10,
            10,
            16
        ],
        "trim_under": [
            13,
            11,
            20,
            9,
            10,
            26,
            12,
            12,
            8,
            13,
            9,
            11,
            17,
            17,
            16,
            22,
            18,
            5,
            9,
            5,
            14,
            14,
            7,
            15,
            9,
            7,
            10,
            10,
            12,
            15,
            14,
            5,
            14,
            6,
            17,
            9,
            16,
            12,
            25,
            12,
            19,
            1,
            12,
            16,
            14,
            12,
            15,
            20,
            15,
            20,
            22,
            12,
            10,
            20,
            16,
            1,
            9,
            12,
            11,
            18,
            14,
            17,
            7,
            17,
            12,
            12,
            7,
            17,
            16,
            8,
            10,
            13,
            6,
            7,
            17,
            14,
            4,
            15,
            15,
            15,
            9,
            14,
            18,
            14,
            19,
            17,
            21,
            12,
            7,
            11,
            12,
            15,
            15,
            8,
            10,
            17,
            11,
            12,
            18,
            15,
            21,
            11,
            25,
            12,
            7,
            15,
            12,
            4,
            17,
            15,
            10,
            20,
            17,
            7,
            4,
            3,
            11,
            6,
            16,
            15,
            3,
            9,
            10,
            3,
            10,
            8,
            8,
            6,
            16,
            18,
            23,
            12,
            16,
            10,
            7,
            14,
            11,
            15,
            10,
            15,
            10,
            16,
            18,
            14,
            20,
            17,
            19,
            18,
            14,
            11,
            10,
            17,
            16,
            17,
            12,
            17,
            10,
            14,
            9,
            11,
            17,
            15,
            8,
            9,
            16,
            19,
            12,
            16,
            10,
            12,
            7,
            16,
            22,
            9,
            16,
            17,
            22,
            15,
            15,
            16,
            10,
            8,
            15,
            16,
            20,
            20,
            14,
            19,
            12,
            13,
            16,
            19,
            13,
            19,
            16,
            16,
            10,
            24,
            12,
            13,
            10,
            17,
            17,
            13,
            11,
            9,
            24,
            18,
            17,
            20,
            16,
            9,
            21,
            19,
            20,
            18,
            19,
            9,
            16,
            12,
            19,
            13,
            24,
            10,
            13,
            15,
            18,
            16,
            14,
            12,
            13,
            12,
            11,
            20,
            16,
            16,
            15,
            17,
            22,
            12,
            16,
            14,
            20,
            13,
            10,
            10,
            13,
            17,
            14,
            9,
            13,
            13,
            14,
            10,
            12,
            12,
            6,
            14,
            15,
            11,
            13,
            13,
            16,
            19,
            17,
            15,
            17,
            17,
            19,
            9,
            9,
            17,
            14,
            25,
            12,
            24,
            18,
            17,
            18,
            16,
            20,
            16,
            14,
            6,
            16,
            13,
            12,
            18,
            22,
            10,
            14,
            18,
            19,
            15,
            15,
            11,
            17,
            12,
            14,
            17,
            17,
            13,
            14,
            12,
            9,
            15,
            23,
            17,
            10,
            16,
            15,
            19,
            9,
            27,
            12,
            12,
            11,
            12,
            23,
            20,
            12,
            16,
            10,
            12,
            20,
            21,
            20,
            22,
            11,
            18,
            27,
            15,
            11,
            21,
            17,
            15,
            14,
            13,
            11,
            12,
            17,
            18,
            12,
            16,
            12,
            13,
            17,
            19,
            16,
            21,
            12,
            10,
            16,
            10,
            12,
            18,
            16,
            10,
            12,
            16,
            13,
            17,
            18,
            15,
            10,
            13,
            11,
            15,
            11,
            18,
            12,
            17,
            9,
            17,
            14,
            12,
            11,
            9,
            16,
            17,
            12,
            15,
            13,
            16,
            17,
            13,
            20,
            15,
            16,
            17,
            11,
            12,
            21,
            13,
            20,
            11,
            17,
            15,
            15,
            17,
            14,
            23,
            15,
            5,
            16,
            21,
            11,
            16,
            13,
            12,
            16,
            14,
            24,
            12,
            17,
            22,
            21,
            20,
            15,
            7,
            19,
            10,
            7,
            26,
            12,
            13,
            12,
            20,
            20,
            16,
            12,
            19,
            10,
            15,
            21,
            10,
            20,
            11,
            16,
            13,
            17,
            16,
            12,
            10,
            16,
            19,
            9,
            15,
            11,
            12,
            17,
            14,
            24,
            17,
            13,
            14,
            14,
            7,
            12,
            18,
            15,
            23,
            13,
            18,
            11,
            18,
            17,
            12,
            21,
            12,
            12,
            17,
            22,
            25,
            23,
            21,
            14,
            17,
            26,
            7,
            23,
            11,
            17,
            15,
            11,
            17,
            19,
            17,
            13,
            16,
            11,
            24,
            2,
            18,
            16,
            14,
            11,
            20,
            10,
            22,
            16,
            15,
            22,
            17,
            9,
            11,
            12,
            19,
            25,
            13,
            14,
            6,
            14,
            12,
            17,
            13,
            11,
            9,
            13,
            10,
            9,
            14,
            15,
            14,
            20,
            25,
            15,
            23,
            19,
            17,
            16,
            18,
            12,
            12,
            11,
            18,
            15,
            18,
            9,
            15,
            22,
            17,
            22,
            26,
            17,
            10,
            12,
            18,
            20,
            13,
            13,
            19,
            15,
            16,
            5,
            19,
            18,
            21,
            20,
            14,
            18,
            14,
            23,
            17,
            19,
            26,
            23,
            12,
            24,
            17,
            7,
            17,
            12,
            12,
            20,
            24,
            10,
            13,
            14,
            18,
            24,
            16,
            20,
            23,
            2,
            19,
            12,
            14,
            20,
            9,
            20,
            20,
            15,
            16,
            16,
            17,
            18,
            13,
            22,
            12,
            15,
            15,
            15,
            14,
            10,
            14,
            17,
            14,
            22,
            21,
            24,
            11,
            21,
            29,
            17,
            9,
            20,
            18,
            14,
            11,
            14,
            15,
            14,
            6,
            13,
            18,
            21,
            9,
            26,
            12,
            14,
            14,
            11,
            16,
            20,
            12,
            12,
            19,
            16,
            14,
            3,
            6,
            5,
            12,
            4,
            12,
            15,
            8,
            15,
            18,
            0,
            7,
            7,
            15,
            8,
            7,
            5,
            10,
            18,
            15,
            21,
            14,
            13,
            13,
            19,
            16,
            8,
            21,
            13,
            5,
            21,
            9,
            14,
            12,
            15,
            8,
            13,
            26,
            11,
            13,
            22,
            20,
            15,
            12,
            15,
            20,
            0,
            8,
            18,
            14,
            15,
            16,
            9,
            7,
            8,
            12,
            8,
            6,
            15,
            15,
            11,
            12,
            12,
            13,
            15,
            21,
            11,
            18,
            14,
            9,
            14,
            16,
            17,
            6,
            9,
            14,
            16,
            20,
            18,
            11,
            24,
            11,
            21,
            15,
            16,
            17,
            16,
            8,
            16,
            16,
            10,
            14,
            14,
            16,
            12,
            17,
            19,
            20,
            11,
            5,
            19,
            16,
            17,
            11,
            12,
            12,
            3,
            14,
            12,
            14,
            22,
            10,
            22,
            14,
            16,
            17,
            9,
            13,
            15,
            15,
            12,
            18,
            15,
            12,
            18,
            14,
            16,
            11,
            13,
            14,
            21,
            16,
            18,
            14,
            18,
            8,
            13,
            19,
            22,
            12,
            16,
            22,
            26,
            16,
            7,
            19,
            18,
            7,
            17,
            17,
            12,
            20,
            16,
            16,
            16,
            20,
            19,
            23,
            16,
            12,
            19,
            27,
            17,
            20,
            16,
            22,
            19,
            28,
            21,
            14,
            18,
            17,
            12,
            16,
            12,
            14,
            13,
            19,
            21,
            14,
            20,
            17,
            14,
            14,
            22,
            17,
            12,
            22,
            22,
            20,
            13,
            12,
            20,
            23,
            11,
            10,
            22,
            14,
            8,
            20,
            13,
            21,
            21,
            16,
            27,
            19,
            23,
            6,
            13,
            20,
            18,
            13,
            11,
            19,
            16,
            11,
            21,
            11,
            17,
            15,
            14,
            12,
            21,
            17,
            18,
            14,
            18,
            9,
            18,
            17,
            13,
            19,
            13,
            19,
            12,
            12,
            14,
            17,
            18,
            17,
            15,
            15,
            20,
            14,
            28,
            14,
            16,
            16,
            17,
            22,
            21,
            22,
            21,
            21,
            18,
            15,
            6,
            16,
            13,
            10,
            16,
            16,
            10,
            18,
            23,
            16,
            11,
            15,
            9,
            9,
            12,
            17,
            12,
            17,
            8,
            16,
            10,
            11,
            13,
            12,
            7,
            0,
            16,
            14,
            14,
            13,
            11,
            11,
            25,
            18,
            21,
            14,
            13,
            8,
            15,
            17,
            10,
            14,
            17,
            17,
            17,
            19,
            8,
            10,
            11,
            12,
            13,
            10,
            13,
            17,
            17,
            14,
            1,
            16,
            14,
            8,
            16,
            14,
            14,
            18,
            10,
            20,
            14,
            9,
            8,
            14,
            13,
            15,
            12,
            7,
            13,
            15,
            5,
            17,
            13,
            14,
            16,
            15,
            5,
            18,
            14,
            14,
            18,
            9,
            4,
            16,
            6,
            12,
            17,
            4,
            16,
            14,
            16,
            16,
            11,
            15,
            17,
            16,
            17,
            18,
            13,
            10,
            11,
            13,
            18,
            14,
            18,
            13,
            7,
            17,
            15,
            11,
            23,
            15,
            19,
            15,
            18,
            13,
            13,
            12,
            13,
            26,
            22,
            12,
            16,
            21,
            20,
            17,
            21,
            19,
            14,
            12,
            25,
            20,
            16,
            12,
            23,
            18,
            13,
            18,
            19,
            12,
            14,
            22,
            18,
            15,
            14,
            22,
            9,
            19,
            19,
            16,
            20,
            18,
            13,
            15,
            26,
            19,
            7,
            7,
            13,
            16,
            18,
            12,
            12,
            17,
            10,
            10,
            27,
            13,
            10,
            23,
            14,
            16,
            17,
            24,
            12,
            17,
            24,
            21,
            16,
            7,
            13,
            15,
            21,
            25,
            17,
            20,
            22,
            18,
            14,
            15,
            18,
            17,
            29,
            13,
            15,
            11,
            24,
            20,
            14,
            14,
            16,
            18,
            22,
            23,
            14,
            17,
            22,
            16,
            19,
            21,
            17,
            22,
            12,
            21,
            26,
            28,
            16,
            14,
            14,
            13,
            21,
            11,
            19,
            19,
            21,
            15,
            11,
            11,
            13,
            14,
            8,
            15,
            14,
            16,
            19,
            8,
            13,
            17,
            20,
            21,
            20,
            16,
            21,
            14,
            25,
            10,
            21,
            20,
            14,
            21,
            14,
            15,
            18,
            11,
            12,
            16,
            17,
            23,
            12,
            11,
            16,
            14,
            19,
            14,
            25,
            11,
            9,
            18,
            22,
            13,
            17,
            15,
            16,
            19,
            20,
            20,
            3,
            16,
            18,
            18,
            13,
            11,
            12,
            7,
            16,
            9,
            6,
            6,
            12,
            12,
            13,
            17,
            11,
            19,
            13,
            18,
            11,
            14,
            10,
            13,
            12,
            9,
            19,
            10,
            9,
            16,
            10,
            16,
            5,
            10,
            10,
            15,
            15,
            16,
            10,
            16,
            11,
            8,
            25,
            15,
            19,
            22,
            12,
            14,
            8,
            13,
            15,
            13,
            9,
            13,
            7,
            16,
            13,
            13,
            20,
            9,
            10,
            18,
            14,
            10,
            15,
            9,
            14,
            19,
            13,
            12,
            12,
            13,
            12,
            19,
            13,
            16,
            11,
            16,
            17,
            13,
            10,
            11,
            20,
            17,
            20,
            18,
            14,
            17,
            18,
            9,
            14,
            20,
            18,
            13,
            11,
            6,
            18,
            16,
            6,
            15,
            11,
            10
        ]
    },
    "runNumber": "337-33",
    "testType": "PEDESTAL_TRIM_PPA"
}
