{
    "date": "2023-10-26T10:50:33.000Z",
    "institution": "LUND",
    "passed": true,
    "problems": false,
    "properties": {
        "DCS": {
            "ABC_temp_raw_1": 2463.0,
            "ABC_temp_raw_10": 2393.0,
            "ABC_temp_raw_2": 2600.0,
            "ABC_temp_raw_3": 2513.0,
            "ABC_temp_raw_4": 2522.0,
            "ABC_temp_raw_5": 2403.0,
            "ABC_temp_raw_6": 2261.0,
            "ABC_temp_raw_7": 2486.0,
            "ABC_temp_raw_8": 2475.0,
            "ABC_temp_raw_9": 2450.0,
            "AMAC_AM600BG": 655.0,
            "AMAC_AM900BG": 964.0,
            "AMAC_AMref": 131.0,
            "AMAC_BG600": 688.0,
            "AMAC_CAL": 4.0,
            "AMAC_CALx": 43.0,
            "AMAC_CALy": 43.0,
            "AMAC_CHIPGND": 17.0,
            "AMAC_CTAT": 496.0,
            "AMAC_Cur10V": 759.0,
            "AMAC_Cur1V5": 615.0,
            "AMAC_DCDCin": 11685.0,
            "AMAC_DCDCinHigh": 915.0,
            "AMAC_DCDCinLow": 913.0,
            "AMAC_DCDCoutHigh": 844.0,
            "AMAC_DCDCoutLow": 826.0,
            "AMAC_HGND": 17.0,
            "AMAC_HVret": 644.0,
            "AMAC_HVret_V": 127.0,
            "AMAC_Hrefx": 35.0,
            "AMAC_Hrefy": 24.0,
            "AMAC_NTCpb": 29.5643253326416,
            "AMAC_NTCpb_V": 823.0,
            "AMAC_NTCx": 24.249780654907227,
            "AMAC_NTCx_V": 715.0,
            "AMAC_NTCy": -31.85048484802246,
            "AMAC_NTCy_V": 283.0,
            "AMAC_PTAT_V": 1344.0,
            "AMAC_Shuntx": 162.0,
            "AMAC_Shunty": 158.0,
            "AMAC_VDCDC": 1396.0,
            "AMAC_VDDHI": 3448.0,
            "AMAC_VDDLRhigh": 837.0,
            "AMAC_VDDLRlow": 838.0,
            "AMAC_VREG": 1285.5,
            "HCC_temp_raw": 376.0,
            "HCC_temp_rough_cal": 48.73600769042969,
            "Module 1_HV_current": 35659.90234375,
            "Module 1_HV_voltage": -349940.0
        },
        "FRACTION": 0.57,
        "det_info": {
            "ABC_Fuse": [
                "8943d857",
                "8943d856",
                "8943d855",
                "8943d853",
                "8943d852",
                "8943d851",
                "8943d850",
                "8943d84f",
                "8943d84e",
                "8943d84d"
            ],
            "Address": [
                0,
                1,
                2,
                3,
                4,
                5,
                6,
                7,
                8,
                9
            ],
            "Channel": [
                1,
                2,
                3,
                4,
                5,
                6,
                7,
                8,
                9,
                10
            ],
            "DUT_type": "ABCStar_Test     #FMC-DP connec",
            "HCC_Fuse": "20401216",
            "Module 1_HV_model": "dt1415",
            "name": "star_barrel_LS_X_chipset_10"
        },
        "scan_info": {
            "event_count": 32
        },
        "system_info": {
            "Analysis_time": "2023-10-26T10:50:33.000Z",
            "Firmware revision": "0xb5fb",
            "GIT URL": "https://gitlab.cern.ch/atlas-itk-strips-daq/itsdaq-sw.git/-/tree/2c16fbef8ab56ba4f093cdec5b766ec08fbfe7b0",
            "GIT branch": "",
            "GIT build date": "2023-10-19 12:01:05 +0000 (Thu, 19 Oct 2023)",
            "GIT commit date": "2023-10-18 14:18:06 +0000 (Wed, 18 Oct 2023)",
            "GIT describe": "itsdaq_23_3_2023-832-g2c16fbef8",
            "GIT revision": "2c16fbef8ab56ba4f093cdec5b766ec08fbfe7b0",
            "Location": "COLDBOX",
            "User": "EWAL",
            "analysis_version": "3.43",
            "dedication": "New dedication as we're going for PPA",
            "host": "itkdaq"
        }
    },
    "results": {
        "StrobeDelay_away": [
            23,
            22,
            25,
            18,
            25,
            27,
            21,
            19,
            22,
            22,
            -1,
            -1,
            -1,
            -1,
            -1,
            -1
        ],
        "StrobeDelay_under": [
            23,
            22,
            24,
            18,
            25,
            27,
            21,
            19,
            22,
            22,
            -1,
            -1,
            -1,
            -1,
            -1,
            -1
        ]
    },
    "runNumber": "337-18",
    "testType": "STROBE_DELAY_PPA"
}
