{
    "comments": [
        "FAIL due to 2560 bad strips (more than 15)",
        "FAIL due to 1280 consecutive bad strips (more than 8)",
        "No trim data found"
    ],
    "date": "2023-10-26T10:33:22.000Z",
    "defects": [
        {
            "description": "High Noise occupancy > 0.000500",
            "name": "NO_HI",
            "properties": {
                "chip_bank": "under",
                "chip_in_histo": 0
            }
        },
        {
            "description": "High Noise occupancy > 0.000500",
            "name": "NO_HI",
            "properties": {
                "chip_bank": "under",
                "chip_in_histo": 1
            }
        },
        {
            "description": "High Noise occupancy > 0.000500",
            "name": "NO_HI",
            "properties": {
                "chip_bank": "under",
                "chip_in_histo": 2
            }
        },
        {
            "description": "High Noise occupancy > 0.000500",
            "name": "NO_HI",
            "properties": {
                "chip_bank": "under",
                "chip_in_histo": 3
            }
        },
        {
            "description": "High Noise occupancy > 0.000500",
            "name": "NO_HI",
            "properties": {
                "chip_bank": "under",
                "chip_in_histo": 4
            }
        },
        {
            "description": "High Noise occupancy > 0.000500",
            "name": "NO_HI",
            "properties": {
                "chip_bank": "under",
                "chip_in_histo": 5
            }
        },
        {
            "description": "High Noise occupancy > 0.000500",
            "name": "NO_HI",
            "properties": {
                "chip_bank": "under",
                "chip_in_histo": 6
            }
        },
        {
            "description": "High Noise occupancy > 0.000500",
            "name": "NO_HI",
            "properties": {
                "chip_bank": "under",
                "chip_in_histo": 7
            }
        },
        {
            "description": "High Noise occupancy > 0.000500",
            "name": "NO_HI",
            "properties": {
                "chip_bank": "under",
                "chip_in_histo": 8
            }
        },
        {
            "description": "High Noise occupancy > 0.000500",
            "name": "NO_HI",
            "properties": {
                "chip_bank": "under",
                "chip_in_histo": 9
            }
        },
        {
            "description": "High Noise occupancy > 0.000500",
            "name": "NO_HI",
            "properties": {
                "chip_bank": "away",
                "chip_in_histo": 0
            }
        },
        {
            "description": "High Noise occupancy > 0.000500",
            "name": "NO_HI",
            "properties": {
                "chip_bank": "away",
                "chip_in_histo": 1
            }
        },
        {
            "description": "High Noise occupancy > 0.000500",
            "name": "NO_HI",
            "properties": {
                "chip_bank": "away",
                "chip_in_histo": 2
            }
        },
        {
            "description": "High Noise occupancy > 0.000500",
            "name": "NO_HI",
            "properties": {
                "chip_bank": "away",
                "chip_in_histo": 3
            }
        },
        {
            "description": "High Noise occupancy > 0.000500",
            "name": "NO_HI",
            "properties": {
                "chip_bank": "away",
                "chip_in_histo": 4
            }
        },
        {
            "description": "High Noise occupancy > 0.000500",
            "name": "NO_HI",
            "properties": {
                "chip_bank": "away",
                "chip_in_histo": 5
            }
        },
        {
            "description": "High Noise occupancy > 0.000500",
            "name": "NO_HI",
            "properties": {
                "chip_bank": "away",
                "chip_in_histo": 6
            }
        },
        {
            "description": "High Noise occupancy > 0.000500",
            "name": "NO_HI",
            "properties": {
                "chip_bank": "away",
                "chip_in_histo": 7
            }
        },
        {
            "description": "High Noise occupancy > 0.000500",
            "name": "NO_HI",
            "properties": {
                "chip_bank": "away",
                "chip_in_histo": 8
            }
        },
        {
            "description": "High Noise occupancy > 0.000500",
            "name": "NO_HI",
            "properties": {
                "chip_bank": "away",
                "chip_in_histo": 9
            }
        }
    ],
    "institution": "LUND",
    "passed": false,
    "problems": false,
    "properties": {
        "DCS": {
            "ABC_temp_raw_1": 2793.0,
            "ABC_temp_raw_10": 2694.0,
            "ABC_temp_raw_2": 2971.0,
            "ABC_temp_raw_3": 2848.0,
            "ABC_temp_raw_4": 2883.0,
            "ABC_temp_raw_5": 2728.0,
            "ABC_temp_raw_6": 2530.0,
            "ABC_temp_raw_7": 2801.0,
            "ABC_temp_raw_8": 2813.0,
            "ABC_temp_raw_9": 2729.0,
            "AMAC_AM600BG": 669.0,
            "AMAC_AM900BG": 985.0,
            "AMAC_AMref": 135.0,
            "AMAC_BG600": 709.0,
            "AMAC_CAL": 5.0,
            "AMAC_CALx": 39.0,
            "AMAC_CALy": 40.0,
            "AMAC_CHIPGND": 18.0,
            "AMAC_CTAT": 558.0,
            "AMAC_Cur10V": 847.0,
            "AMAC_Cur1V5": 543.0,
            "AMAC_DCDCin": 11955.0,
            "AMAC_DCDCinHigh": 944.0,
            "AMAC_DCDCinLow": 937.0,
            "AMAC_DCDCoutHigh": 892.0,
            "AMAC_DCDCoutLow": 876.0,
            "AMAC_HGND": 18.0,
            "AMAC_HVret": 518.0,
            "AMAC_HVret_V": 91.0,
            "AMAC_Hrefx": 36.0,
            "AMAC_Hrefy": 38.0,
            "AMAC_NTCpb": 0.4193359315395355,
            "AMAC_NTCpb_V": 401.0,
            "AMAC_NTCx": -4.839758396148682,
            "AMAC_NTCx_V": 387.0,
            "AMAC_NTCy": -29.425634384155273,
            "AMAC_NTCy_V": 288.0,
            "AMAC_PTAT_V": 1196.0,
            "AMAC_Shuntx": 169.0,
            "AMAC_Shunty": 163.0,
            "AMAC_VDCDC": 1448.0,
            "AMAC_VDDHI": 3520.0,
            "AMAC_VDDLRhigh": 864.0,
            "AMAC_VDDLRlow": 864.0,
            "AMAC_VREG": 1324.5,
            "HCC_temp_raw": 419.0,
            "HCC_temp_rough_cal": 21.259002685546875,
            "Module 1_HV_current": 35519.296875,
            "Module 1_HV_voltage": -349960.0
        },
        "det_info": {
            "ABC_Fuse": [
                "8943d857",
                "8943d856",
                "8943d855",
                "8943d853",
                "8943d852",
                "8943d851",
                "8943d850",
                "8943d84f",
                "8943d84e",
                "8943d84d"
            ],
            "Address": [
                0,
                1,
                2,
                3,
                4,
                5,
                6,
                7,
                8,
                9
            ],
            "Channel": [
                1,
                2,
                3,
                4,
                5,
                6,
                7,
                8,
                9,
                10
            ],
            "DUT_type": "ABCStar_Test     #FMC-DP connec",
            "HCC_Fuse": "20401216",
            "Module 1_HV_model": "dt1415",
            "name": "star_barrel_LS_X_chipset_10"
        },
        "scan_info": {
            "event_count": [
                248,
                248,
                248,
                248,
                248,
                248,
                248,
                248,
                248,
                248,
                248,
                248,
                248,
                248,
                248,
                248,
                248,
                248,
                248,
                248,
                992,
                1984,
                4464,
                10912,
                23808,
                47616,
                95232,
                190464,
                380928,
                761856,
                1523712,
                3047424,
                6094848,
                12189696,
                24379392,
                48758784,
                64000120,
                64000120,
                64000120,
                64000120,
                64000120
            ],
            "rc_fit": [
                [
                    1194.5,
                    3.369999885559082,
                    -569.5599975585938
                ],
                [
                    1146.199951171875,
                    3.240000009536743,
                    -546.4299926757813
                ],
                [
                    1207.0699462890625,
                    3.609999895095825,
                    -576.280029296875
                ],
                [
                    1187.1800537109375,
                    3.4600000381469727,
                    -565.2100219726563
                ],
                [
                    1270.56005859375,
                    3.819999933242798,
                    -607.010009765625
                ],
                [
                    1135.469970703125,
                    3.369999885559082,
                    -539.8699951171875
                ],
                [
                    1251.0799560546875,
                    3.759999990463257,
                    -598.1599731445313
                ],
                [
                    1199.510009765625,
                    3.450000047683716,
                    -570.9600219726563
                ],
                [
                    1302.780029296875,
                    3.940000057220459,
                    -624.0999755859375
                ],
                [
                    1187.449951171875,
                    3.359999895095825,
                    -566.469970703125
                ],
                [
                    1206.4200439453125,
                    3.4100000858306885,
                    -575.0499877929688
                ],
                [
                    1154.030029296875,
                    3.2799999713897705,
                    -549.25
                ],
                [
                    1211.7900390625,
                    3.630000114440918,
                    -577.510009765625
                ],
                [
                    1192.25,
                    3.4700000286102295,
                    -567.0399780273438
                ],
                [
                    1275.3499755859375,
                    3.8299999237060547,
                    -608.6699829101563
                ],
                [
                    1143.8699951171875,
                    3.390000104904175,
                    -543.3099975585938
                ],
                [
                    1260.6099853515625,
                    3.809999942779541,
                    -602.3800048828125
                ],
                [
                    1210.780029296875,
                    3.490000009536743,
                    -575.6900024414063
                ],
                [
                    1307.2099609375,
                    3.9600000381469727,
                    -625.9199829101563
                ],
                [
                    1194.199951171875,
                    3.390000104904175,
                    -569.260009765625
                ]
            ],
            "rc_func": [
                3,
                3,
                3,
                3,
                3,
                3,
                3,
                3,
                3,
                3,
                3,
                3,
                3,
                3,
                3,
                3,
                3,
                3,
                3,
                3
            ],
            "trim_target": [
                15.0,
                15.0,
                15.0,
                15.0,
                15.0,
                15.0,
                15.0,
                15.0,
                15.0,
                15.0,
                15.0,
                15.0,
                15.0,
                15.0,
                15.0,
                15.0,
                15.0,
                15.0,
                15.0,
                15.0
            ]
        },
        "system_info": {
            "Analysis_time": "2023-10-26T10:33:23.000Z",
            "Firmware revision": "0xb5fb",
            "GIT URL": "https://gitlab.cern.ch/atlas-itk-strips-daq/itsdaq-sw.git/-/tree/2c16fbef8ab56ba4f093cdec5b766ec08fbfe7b0",
            "GIT branch": "",
            "GIT build date": "2023-10-19 12:01:05 +0000 (Thu, 19 Oct 2023)",
            "GIT commit date": "2023-10-18 14:18:06 +0000 (Wed, 18 Oct 2023)",
            "GIT describe": "itsdaq_23_3_2023-832-g2c16fbef8",
            "GIT revision": "2c16fbef8ab56ba4f093cdec5b766ec08fbfe7b0",
            "Location": "COLDBOX",
            "User": "EWAL",
            "analysis_version": "3.43",
            "dedication": "New dedication as we're going for PPA",
            "host": "itkdaq"
        }
    },
    "results": {
        "enc_est_away": [
            781.9197387695313,
            772.8322143554688,
            824.9791259765625,
            765.9274291992188,
            807.7396850585938,
            796.63916015625,
            856.5199584960938,
            793.5785522460938,
            810.7955322265625,
            800.1763305664063
        ],
        "enc_est_under": [
            833.9119873046875,
            815.61181640625,
            858.6080932617188,
            808.4473266601563,
            851.1459350585938,
            900.4465942382813,
            892.415283203125,
            837.051025390625,
            844.641845703125,
            815.4780883789063
        ],
        "occupancy_mean_away": [
            0.3344254791736603,
            0.32853469252586365,
            0.33193689584732056,
            0.33918240666389465,
            0.34315159916877747,
            0.3505546450614929,
            0.34938907623291016,
            0.35090115666389465,
            0.34510478377342224,
            0.34025344252586365
        ],
        "occupancy_mean_under": [
            0.34655389189720154,
            0.34463223814964294,
            0.3478454649448395,
            0.3510901927947998,
            0.35335806012153625,
            0.38262343406677246,
            0.36914074420928955,
            0.3563195466995239,
            0.347309947013855,
            0.34409672021865845
        ],
        "occupancy_rms_away": [
            0.018565569072961807,
            0.019631166011095047,
            0.01750330440700054,
            0.017347950488328934,
            0.018151042982935905,
            0.015598560683429241,
            0.015646038576960564,
            0.01595056988298893,
            0.013734551146626472,
            0.015003921464085579
        ],
        "occupancy_rms_under": [
            0.015933390706777573,
            0.014789179898798466,
            0.01653720997273922,
            0.016634464263916016,
            0.027679910883307457,
            0.0159566979855299,
            0.012548883445560932,
            0.017996640875935555,
            0.01558732520788908,
            0.01519034244120121
        ],
        "offset_away": [
            11.527863502502441,
            11.728836059570313,
            11.889127731323242,
            11.945127487182617,
            11.890116691589355,
            11.78386116027832,
            11.753411293029785,
            11.588254928588867,
            11.651784896850586,
            11.489073753356934
        ],
        "offset_under": [
            11.584739685058594,
            11.584639549255371,
            11.752469062805176,
            11.966160774230957,
            11.960570335388184,
            11.552454948425293,
            11.657623291015625,
            11.533745765686035,
            11.782670974731445,
            11.655477523803711
        ]
    },
    "runNumber": "337-16",
    "testType": "NO_PPA"
}
