{
    "comments": [
        "FAIL due to 2560 bad strips (more than 15)",
        "FAIL due to 1280 consecutive bad strips (more than 8)",
        "No trim data found"
    ],
    "date": "2023-10-26T10:58:28.000Z",
    "defects": [
        {
            "description": "High Noise occupancy > 0.000500",
            "name": "NO_HI",
            "properties": {
                "chip_bank": "under",
                "chip_in_histo": 0
            }
        },
        {
            "description": "High Noise occupancy > 0.000500",
            "name": "NO_HI",
            "properties": {
                "chip_bank": "under",
                "chip_in_histo": 1
            }
        },
        {
            "description": "High Noise occupancy > 0.000500",
            "name": "NO_HI",
            "properties": {
                "chip_bank": "under",
                "chip_in_histo": 2
            }
        },
        {
            "description": "High Noise occupancy > 0.000500",
            "name": "NO_HI",
            "properties": {
                "chip_bank": "under",
                "chip_in_histo": 3
            }
        },
        {
            "description": "High Noise occupancy > 0.000500",
            "name": "NO_HI",
            "properties": {
                "chip_bank": "under",
                "chip_in_histo": 4
            }
        },
        {
            "description": "High Noise occupancy > 0.000500",
            "name": "NO_HI",
            "properties": {
                "chip_bank": "under",
                "chip_in_histo": 5
            }
        },
        {
            "description": "High Noise occupancy > 0.000500",
            "name": "NO_HI",
            "properties": {
                "chip_bank": "under",
                "chip_in_histo": 6
            }
        },
        {
            "description": "High Noise occupancy > 0.000500",
            "name": "NO_HI",
            "properties": {
                "chip_bank": "under",
                "chip_in_histo": 7
            }
        },
        {
            "description": "High Noise occupancy > 0.000500",
            "name": "NO_HI",
            "properties": {
                "chip_bank": "under",
                "chip_in_histo": 8
            }
        },
        {
            "description": "High Noise occupancy > 0.000500",
            "name": "NO_HI",
            "properties": {
                "chip_bank": "under",
                "chip_in_histo": 9
            }
        },
        {
            "description": "High Noise occupancy > 0.000500",
            "name": "NO_HI",
            "properties": {
                "chip_bank": "away",
                "chip_in_histo": 0
            }
        },
        {
            "description": "High Noise occupancy > 0.000500",
            "name": "NO_HI",
            "properties": {
                "chip_bank": "away",
                "chip_in_histo": 1
            }
        },
        {
            "description": "High Noise occupancy > 0.000500",
            "name": "NO_HI",
            "properties": {
                "chip_bank": "away",
                "chip_in_histo": 2
            }
        },
        {
            "description": "High Noise occupancy > 0.000500",
            "name": "NO_HI",
            "properties": {
                "chip_bank": "away",
                "chip_in_histo": 3
            }
        },
        {
            "description": "High Noise occupancy > 0.000500",
            "name": "NO_HI",
            "properties": {
                "chip_bank": "away",
                "chip_in_histo": 4
            }
        },
        {
            "description": "High Noise occupancy > 0.000500",
            "name": "NO_HI",
            "properties": {
                "chip_bank": "away",
                "chip_in_histo": 5
            }
        },
        {
            "description": "High Noise occupancy > 0.000500",
            "name": "NO_HI",
            "properties": {
                "chip_bank": "away",
                "chip_in_histo": 6
            }
        },
        {
            "description": "High Noise occupancy > 0.000500",
            "name": "NO_HI",
            "properties": {
                "chip_bank": "away",
                "chip_in_histo": 7
            }
        },
        {
            "description": "High Noise occupancy > 0.000500",
            "name": "NO_HI",
            "properties": {
                "chip_bank": "away",
                "chip_in_histo": 8
            }
        },
        {
            "description": "High Noise occupancy > 0.000500",
            "name": "NO_HI",
            "properties": {
                "chip_bank": "away",
                "chip_in_histo": 9
            }
        }
    ],
    "institution": "LUND",
    "passed": false,
    "problems": false,
    "properties": {
        "DCS": {
            "ABC_temp_raw_1": 2449.0,
            "ABC_temp_raw_10": 2377.0,
            "ABC_temp_raw_2": 2589.0,
            "ABC_temp_raw_3": 2501.0,
            "ABC_temp_raw_4": 2511.0,
            "ABC_temp_raw_5": 2391.0,
            "ABC_temp_raw_6": 2249.0,
            "ABC_temp_raw_7": 2468.0,
            "ABC_temp_raw_8": 2459.0,
            "ABC_temp_raw_9": 2435.0,
            "AMAC_AM600BG": 654.0,
            "AMAC_AM900BG": 963.0,
            "AMAC_AMref": 131.0,
            "AMAC_BG600": 687.0,
            "AMAC_CAL": 4.0,
            "AMAC_CALx": 43.0,
            "AMAC_CALy": 43.0,
            "AMAC_CHIPGND": 17.0,
            "AMAC_CTAT": 494.0,
            "AMAC_Cur10V": 770.0,
            "AMAC_Cur1V5": 627.0,
            "AMAC_DCDCin": 11670.0,
            "AMAC_DCDCinHigh": 914.0,
            "AMAC_DCDCinLow": 911.0,
            "AMAC_DCDCoutHigh": 842.0,
            "AMAC_DCDCoutLow": 824.0,
            "AMAC_HGND": 17.0,
            "AMAC_HVret": 662.5,
            "AMAC_HVret_V": 132.0,
            "AMAC_Hrefx": 35.0,
            "AMAC_Hrefy": 23.0,
            "AMAC_NTCpb": 31.215234756469727,
            "AMAC_NTCpb_V": 864.0,
            "AMAC_NTCx": 25.50481605529785,
            "AMAC_NTCx_V": 736.0,
            "AMAC_NTCy": -32.372825622558594,
            "AMAC_NTCy_V": 282.0,
            "AMAC_PTAT_V": 1352.0,
            "AMAC_Shuntx": 162.0,
            "AMAC_Shunty": 158.0,
            "AMAC_VDCDC": 1394.0,
            "AMAC_VDDHI": 3444.0,
            "AMAC_VDDLRhigh": 836.0,
            "AMAC_VDDLRlow": 837.0,
            "AMAC_VREG": 1284.0,
            "HCC_temp_raw": 373.0,
            "HCC_temp_rough_cal": 50.65299987792969,
            "Module 1_HV_current": 35680.40234375,
            "Module 1_HV_voltage": -349940.0
        },
        "det_info": {
            "ABC_Fuse": [
                "8943d857",
                "8943d856",
                "8943d855",
                "8943d853",
                "8943d852",
                "8943d851",
                "8943d850",
                "8943d84f",
                "8943d84e",
                "8943d84d"
            ],
            "Address": [
                0,
                1,
                2,
                3,
                4,
                5,
                6,
                7,
                8,
                9
            ],
            "Channel": [
                1,
                2,
                3,
                4,
                5,
                6,
                7,
                8,
                9,
                10
            ],
            "DUT_type": "ABCStar_Test     #FMC-DP connec",
            "HCC_Fuse": "20401216",
            "Module 1_HV_model": "dt1415",
            "name": "star_barrel_LS_X_chipset_10"
        },
        "scan_info": {
            "event_count": [
                248,
                248,
                248,
                248,
                248,
                248,
                248,
                248,
                248,
                248,
                248,
                248,
                248,
                248,
                248,
                248,
                248,
                248,
                248,
                496,
                744,
                1488,
                3472,
                7936,
                19840,
                47616,
                95232,
                190464,
                380928,
                761856,
                1523712,
                3047424,
                6094848,
                12189696,
                24379392,
                48758784,
                64000120,
                64000120,
                64000120,
                64000120,
                64000120
            ],
            "rc_fit": [
                [
                    1271.4000244140625,
                    4.010000228881836,
                    -606.0800170898438
                ],
                [
                    1228.280029296875,
                    3.880000114440918,
                    -584.739990234375
                ],
                [
                    1291.2900390625,
                    4.269999980926514,
                    -616.5
                ],
                [
                    1255.81005859375,
                    4.03000020980835,
                    -597.3800048828125
                ],
                [
                    1341.5899658203125,
                    4.409999847412109,
                    -640.8900146484375
                ],
                [
                    1223.3800048828125,
                    3.990000009536743,
                    -581.280029296875
                ],
                [
                    1327.52001953125,
                    4.389999866485596,
                    -633.8300170898438
                ],
                [
                    1269.56005859375,
                    4.010000228881836,
                    -604.47998046875
                ],
                [
                    1405.6600341796875,
                    4.679999828338623,
                    -673.6300048828125
                ],
                [
                    1259.8800048828125,
                    3.950000047683716,
                    -600.3599853515625
                ],
                [
                    1280.8699951171875,
                    4.050000190734863,
                    -610.3200073242188
                ],
                [
                    1233.27001953125,
                    3.9100000858306885,
                    -586.1900024414063
                ],
                [
                    1293.8299560546875,
                    4.289999961853027,
                    -617.1300048828125
                ],
                [
                    1258.530029296875,
                    4.03000020980835,
                    -598.2100219726563
                ],
                [
                    1343.260009765625,
                    4.400000095367432,
                    -641.1099853515625
                ],
                [
                    1234.1400146484375,
                    4.019999980926514,
                    -586.030029296875
                ],
                [
                    1336.3699951171875,
                    4.440000057220459,
                    -637.6599731445313
                ],
                [
                    1283.3699951171875,
                    4.059999942779541,
                    -610.7000122070313
                ],
                [
                    1406.43994140625,
                    4.690000057220459,
                    -673.6099853515625
                ],
                [
                    1265.0899658203125,
                    3.9800000190734863,
                    -602.4000244140625
                ]
            ],
            "rc_func": [
                3,
                3,
                3,
                3,
                3,
                3,
                3,
                3,
                3,
                3,
                3,
                3,
                3,
                3,
                3,
                3,
                3,
                3,
                3,
                3
            ],
            "trim_target": [
                15.0,
                15.0,
                15.0,
                15.0,
                15.0,
                15.0,
                15.0,
                15.0,
                15.0,
                15.0,
                15.0,
                15.0,
                15.0,
                15.0,
                15.0,
                15.0,
                15.0,
                15.0,
                15.0,
                15.0
            ]
        },
        "system_info": {
            "Analysis_time": "2023-10-26T10:58:28.000Z",
            "Firmware revision": "0xb5fb",
            "GIT URL": "https://gitlab.cern.ch/atlas-itk-strips-daq/itsdaq-sw.git/-/tree/2c16fbef8ab56ba4f093cdec5b766ec08fbfe7b0",
            "GIT branch": "",
            "GIT build date": "2023-10-19 12:01:05 +0000 (Thu, 19 Oct 2023)",
            "GIT commit date": "2023-10-18 14:18:06 +0000 (Wed, 18 Oct 2023)",
            "GIT describe": "itsdaq_23_3_2023-832-g2c16fbef8",
            "GIT revision": "2c16fbef8ab56ba4f093cdec5b766ec08fbfe7b0",
            "Location": "COLDBOX",
            "User": "EWAL",
            "analysis_version": "3.43",
            "dedication": "New dedication as we're going for PPA",
            "host": "itkdaq"
        }
    },
    "results": {
        "enc_est_away": [
            855.4677734375,
            839.744140625,
            883.8936767578125,
            831.71484375,
            824.7788696289063,
            831.0856323242188,
            896.796142578125,
            832.58544921875,
            865.4559936523438,
            863.2286376953125
        ],
        "enc_est_under": [
            919.30908203125,
            907.6678466796875,
            947.3766479492188,
            902.4974975585938,
            939.739501953125,
            967.0499877929688,
            975.767822265625,
            922.8861083984375,
            919.9728393554688,
            894.2374877929688
        ],
        "occupancy_mean_away": [
            0.3497356176376343,
            0.3450416922569275,
            0.34185999631881714,
            0.34976711869239807,
            0.35096409916877747,
            0.3606667220592499,
            0.3606666624546051,
            0.3530747592449188,
            0.3551538586616516,
            0.3518146276473999
        ],
        "occupancy_mean_under": [
            0.36536046862602234,
            0.36063525080680847,
            0.35978466272354126,
            0.3635019063949585,
            0.36277711391448975,
            0.39030978083610535,
            0.3780556321144104,
            0.36504557728767395,
            0.3590916097164154,
            0.3560674488544464
        ],
        "occupancy_rms_away": [
            0.021740591153502464,
            0.021310992538928986,
            0.02256881818175316,
            0.022531121969223022,
            0.021237662062048912,
            0.01877010613679886,
            0.017502397298812866,
            0.01745108887553215,
            0.020303238183259964,
            0.0192062109708786
        ],
        "occupancy_rms_under": [
            0.020777104422450066,
            0.01847640983760357,
            0.02161596715450287,
            0.021223828196525574,
            0.02526674047112465,
            0.016350846737623215,
            0.017246048897504807,
            0.021684737876057625,
            0.01850772462785244,
            0.020526915788650513
        ],
        "offset_away": [
            11.912748336791992,
            12.056278228759766,
            12.109097480773926,
            12.246528625488281,
            12.207844734191895,
            12.28325366973877,
            12.281204223632813,
            11.915497779846191,
            12.088766098022461,
            11.87423324584961
        ],
        "offset_under": [
            11.936932563781738,
            11.908611297607422,
            12.043621063232422,
            12.278484344482422,
            12.176830291748047,
            12.121548652648926,
            12.155037879943848,
            11.901982307434082,
            12.159708023071289,
            11.969030380249023
        ]
    },
    "runNumber": "337-32",
    "testType": "NO_PPA"
}
