{
    "comments": [
        "FAIL due to 2560 bad strips (more than 15)",
        "FAIL due to 1280 consecutive bad strips (more than 8)",
        "No trim data found"
    ],
    "date": "2023-10-26T12:15:09.000Z",
    "defects": [
        {
            "description": "High Noise occupancy > 0.000500",
            "name": "NO_HI",
            "properties": {
                "chip_bank": "under",
                "chip_in_histo": 0
            }
        },
        {
            "description": "High Noise occupancy > 0.000500",
            "name": "NO_HI",
            "properties": {
                "chip_bank": "under",
                "chip_in_histo": 1
            }
        },
        {
            "description": "High Noise occupancy > 0.000500",
            "name": "NO_HI",
            "properties": {
                "chip_bank": "under",
                "chip_in_histo": 2
            }
        },
        {
            "description": "High Noise occupancy > 0.000500",
            "name": "NO_HI",
            "properties": {
                "chip_bank": "under",
                "chip_in_histo": 3
            }
        },
        {
            "description": "High Noise occupancy > 0.000500",
            "name": "NO_HI",
            "properties": {
                "chip_bank": "under",
                "chip_in_histo": 4
            }
        },
        {
            "description": "High Noise occupancy > 0.000500",
            "name": "NO_HI",
            "properties": {
                "chip_bank": "under",
                "chip_in_histo": 5
            }
        },
        {
            "description": "High Noise occupancy > 0.000500",
            "name": "NO_HI",
            "properties": {
                "chip_bank": "under",
                "chip_in_histo": 6
            }
        },
        {
            "description": "High Noise occupancy > 0.000500",
            "name": "NO_HI",
            "properties": {
                "chip_bank": "under",
                "chip_in_histo": 7
            }
        },
        {
            "description": "High Noise occupancy > 0.000500",
            "name": "NO_HI",
            "properties": {
                "chip_bank": "under",
                "chip_in_histo": 8
            }
        },
        {
            "description": "High Noise occupancy > 0.000500",
            "name": "NO_HI",
            "properties": {
                "chip_bank": "under",
                "chip_in_histo": 9
            }
        },
        {
            "description": "High Noise occupancy > 0.000500",
            "name": "NO_HI",
            "properties": {
                "chip_bank": "away",
                "chip_in_histo": 0
            }
        },
        {
            "description": "High Noise occupancy > 0.000500",
            "name": "NO_HI",
            "properties": {
                "chip_bank": "away",
                "chip_in_histo": 1
            }
        },
        {
            "description": "High Noise occupancy > 0.000500",
            "name": "NO_HI",
            "properties": {
                "chip_bank": "away",
                "chip_in_histo": 2
            }
        },
        {
            "description": "High Noise occupancy > 0.000500",
            "name": "NO_HI",
            "properties": {
                "chip_bank": "away",
                "chip_in_histo": 3
            }
        },
        {
            "description": "High Noise occupancy > 0.000500",
            "name": "NO_HI",
            "properties": {
                "chip_bank": "away",
                "chip_in_histo": 4
            }
        },
        {
            "description": "High Noise occupancy > 0.000500",
            "name": "NO_HI",
            "properties": {
                "chip_bank": "away",
                "chip_in_histo": 5
            }
        },
        {
            "description": "High Noise occupancy > 0.000500",
            "name": "NO_HI",
            "properties": {
                "chip_bank": "away",
                "chip_in_histo": 6
            }
        },
        {
            "description": "High Noise occupancy > 0.000500",
            "name": "NO_HI",
            "properties": {
                "chip_bank": "away",
                "chip_in_histo": 7
            }
        },
        {
            "description": "High Noise occupancy > 0.000500",
            "name": "NO_HI",
            "properties": {
                "chip_bank": "away",
                "chip_in_histo": 8
            }
        },
        {
            "description": "High Noise occupancy > 0.000500",
            "name": "NO_HI",
            "properties": {
                "chip_bank": "away",
                "chip_in_histo": 9
            }
        }
    ],
    "institution": "LUND",
    "passed": false,
    "problems": false,
    "properties": {
        "DCS": {
            "ABC_temp_raw_1": 2803.0,
            "ABC_temp_raw_10": 2703.0,
            "ABC_temp_raw_2": 2989.0,
            "ABC_temp_raw_3": 2860.0,
            "ABC_temp_raw_4": 2897.0,
            "ABC_temp_raw_5": 2737.0,
            "ABC_temp_raw_6": 2539.0,
            "ABC_temp_raw_7": 2817.0,
            "ABC_temp_raw_8": 2825.0,
            "ABC_temp_raw_9": 2747.0,
            "AMAC_AM600BG": 670.0,
            "AMAC_AM900BG": 985.0,
            "AMAC_AMref": 135.0,
            "AMAC_BG600": 710.0,
            "AMAC_CAL": 5.0,
            "AMAC_CALx": 39.0,
            "AMAC_CALy": 40.0,
            "AMAC_CHIPGND": 18.0,
            "AMAC_CTAT": 561.0,
            "AMAC_Cur10V": 870.0,
            "AMAC_Cur1V5": 550.0,
            "AMAC_DCDCin": 11970.0,
            "AMAC_DCDCinHigh": 946.0,
            "AMAC_DCDCinLow": 938.0,
            "AMAC_DCDCoutHigh": 894.0,
            "AMAC_DCDCoutLow": 877.0,
            "AMAC_HGND": 18.0,
            "AMAC_HVret": 519.0,
            "AMAC_HVret_V": 97.0,
            "AMAC_Hrefx": 36.0,
            "AMAC_Hrefy": 39.0,
            "AMAC_NTCpb": -0.6297668218612671,
            "AMAC_NTCpb_V": 394.0,
            "AMAC_NTCx": -5.787176609039307,
            "AMAC_NTCx_V": 381.0,
            "AMAC_NTCy": -29.425634384155273,
            "AMAC_NTCy_V": 288.0,
            "AMAC_PTAT_V": 1190.0,
            "AMAC_Shuntx": 169.0,
            "AMAC_Shunty": 164.0,
            "AMAC_VDCDC": 1450.0,
            "AMAC_VDDHI": 3524.0,
            "AMAC_VDDLRhigh": 864.0,
            "AMAC_VDDLRlow": 864.0,
            "AMAC_VREG": 1327.5,
            "HCC_temp_raw": 420.0,
            "HCC_temp_rough_cal": 20.6199951171875,
            "Module 1_HV_current": 35516.8984375,
            "Module 1_HV_voltage": -349960.0
        },
        "det_info": {
            "ABC_Fuse": [
                "8943d857",
                "8943d856",
                "8943d855",
                "8943d853",
                "8943d852",
                "8943d851",
                "8943d850",
                "8943d84f",
                "8943d84e",
                "8943d84d"
            ],
            "Address": [
                0,
                1,
                2,
                3,
                4,
                5,
                6,
                7,
                8,
                9
            ],
            "Channel": [
                1,
                2,
                3,
                4,
                5,
                6,
                7,
                8,
                9,
                10
            ],
            "DUT_type": "ABCStar_Test     #FMC-DP connec",
            "HCC_Fuse": "20401216",
            "Module 1_HV_model": "dt1415",
            "name": "star_barrel_LS_X_chipset_10"
        },
        "scan_info": {
            "event_count": [
                248,
                248,
                248,
                248,
                248,
                248,
                248,
                248,
                248,
                248,
                248,
                248,
                248,
                248,
                248,
                248,
                248,
                248,
                248,
                248,
                744,
                1736,
                3968,
                8928,
                21824,
                47616,
                95232,
                190464,
                380928,
                761856,
                1523712,
                3047424,
                6094848,
                12189696,
                24379392,
                48758784,
                64000120,
                64000120,
                64000120,
                64000120,
                64000120
            ],
            "rc_fit": [
                [
                    1188.9100341796875,
                    3.3299999237060547,
                    -566.4099731445313
                ],
                [
                    1138.3599853515625,
                    3.190000057220459,
                    -542.2999877929688
                ],
                [
                    1201.2099609375,
                    3.569999933242798,
                    -572.8900146484375
                ],
                [
                    1181.0,
                    3.4200000762939453,
                    -562.1500244140625
                ],
                [
                    1266.6600341796875,
                    3.7899999618530273,
                    -604.9600219726563
                ],
                [
                    1125.6199951171875,
                    3.319999933242798,
                    -533.9400024414063
                ],
                [
                    1244.5400390625,
                    3.7200000286102295,
                    -594.760009765625
                ],
                [
                    1195.489990234375,
                    3.4200000762939453,
                    -568.6599731445313
                ],
                [
                    1296.719970703125,
                    3.9000000953674316,
                    -620.8300170898438
                ],
                [
                    1182.3299560546875,
                    3.3299999237060547,
                    -563.3099975585938
                ],
                [
                    1199.550048828125,
                    3.369999885559082,
                    -571.0800170898438
                ],
                [
                    1146.719970703125,
                    3.240000009536743,
                    -545.4299926757813
                ],
                [
                    1207.219970703125,
                    3.5999999046325684,
                    -575.22998046875
                ],
                [
                    1185.93994140625,
                    3.430000066757202,
                    -563.8499755859375
                ],
                [
                    1270.4000244140625,
                    3.799999952316284,
                    -606.0999755859375
                ],
                [
                    1134.68994140625,
                    3.3399999141693115,
                    -537.77001953125
                ],
                [
                    1253.6199951171875,
                    3.7699999809265137,
                    -598.8200073242188
                ],
                [
                    1207.3399658203125,
                    3.4600000381469727,
                    -574.0599975585938
                ],
                [
                    1301.8299560546875,
                    3.9200000762939453,
                    -623.02001953125
                ],
                [
                    1188.6199951171875,
                    3.359999895095825,
                    -565.6599731445313
                ]
            ],
            "rc_func": [
                3,
                3,
                3,
                3,
                3,
                3,
                3,
                3,
                3,
                3,
                3,
                3,
                3,
                3,
                3,
                3,
                3,
                3,
                3,
                3
            ],
            "trim_target": [
                15.0,
                15.0,
                15.0,
                15.0,
                15.0,
                15.0,
                15.0,
                15.0,
                15.0,
                15.0,
                15.0,
                15.0,
                15.0,
                15.0,
                15.0,
                15.0,
                15.0,
                15.0,
                15.0,
                15.0
            ]
        },
        "system_info": {
            "Analysis_time": "2023-10-26T12:15:10.000Z",
            "Firmware revision": "0xb5fb",
            "GIT URL": "https://gitlab.cern.ch/atlas-itk-strips-daq/itsdaq-sw.git/-/tree/2c16fbef8ab56ba4f093cdec5b766ec08fbfe7b0",
            "GIT branch": "",
            "GIT build date": "2023-10-19 12:01:05 +0000 (Thu, 19 Oct 2023)",
            "GIT commit date": "2023-10-18 14:18:06 +0000 (Wed, 18 Oct 2023)",
            "GIT describe": "itsdaq_23_3_2023-832-g2c16fbef8",
            "GIT revision": "2c16fbef8ab56ba4f093cdec5b766ec08fbfe7b0",
            "Location": "COLDBOX",
            "User": "EWAL",
            "analysis_version": "3.43",
            "dedication": "New dedication as we're going for PPA",
            "host": "itkdaq"
        }
    },
    "results": {
        "enc_est_away": [
            776.599365234375,
            771.9301147460938,
            829.7864379882813,
            791.4649047851563,
            796.3026733398438,
            752.0568237304688,
            787.4647216796875,
            779.177001953125,
            822.7776489257813,
            778.885009765625
        ],
        "enc_est_under": [
            831.18359375,
            810.1058349609375,
            848.9654541015625,
            804.085205078125,
            866.0765991210938,
            903.2337036132813,
            893.5985107421875,
            835.9411010742188,
            826.427978515625,
            807.0668334960938
        ],
        "occupancy_mean_away": [
            0.35685503482818604,
            0.3522871732711792,
            0.34860146045684814,
            0.3584930896759033,
            0.35893410444259644,
            0.37137728929519653,
            0.36674657464027405,
            0.36611658334732056,
            0.36422640085220337,
            0.365927517414093
        ],
        "occupancy_mean_under": [
            0.3720703125,
            0.36586448550224304,
            0.3706527352333069,
            0.36926671862602234,
            0.37087300419807434,
            0.40177640318870544,
            0.39175885915756226,
            0.37912681698799133,
            0.3699912130832672,
            0.3680380880832672
        ],
        "occupancy_rms_away": [
            0.020970407873392105,
            0.01806005649268627,
            0.01870264671742916,
            0.01872694119811058,
            0.018764525651931763,
            0.017996422946453094,
            0.01657077670097351,
            0.017629316076636314,
            0.017870835959911346,
            0.020123453810811043
        ],
        "occupancy_rms_under": [
            0.0203663632273674,
            0.019262239336967468,
            0.018755214288830757,
            0.020139919593930244,
            0.028290828689932823,
            0.0165006872266531,
            0.01599011942744255,
            0.018211297690868378,
            0.016752885654568672,
            0.019184473901987076
        ],
        "offset_away": [
            11.860980033874512,
            11.95081901550293,
            12.039810180664063,
            12.18295669555664,
            12.057072639465332,
            12.021385192871094,
            11.96554946899414,
            11.71642017364502,
            11.857352256774902,
            11.764577865600586
        ],
        "offset_under": [
            11.86231517791748,
            11.846967697143555,
            12.040680885314941,
            12.170865058898926,
            12.12543773651123,
            11.77922534942627,
            11.86995792388916,
            11.776945114135742,
            12.010205268859863,
            11.847637176513672
        ]
    },
    "runNumber": "337-80",
    "testType": "NO_PPA"
}
