{
    "date": "2023-10-26T10:25:12.000Z",
    "institution": "LUND",
    "passed": true,
    "problems": false,
    "properties": {
        "DCS": {
            "ABC_temp_raw_1": 2771.0,
            "ABC_temp_raw_10": 2668.0,
            "ABC_temp_raw_2": 2945.0,
            "ABC_temp_raw_3": 2824.0,
            "ABC_temp_raw_4": 2854.0,
            "ABC_temp_raw_5": 2698.0,
            "ABC_temp_raw_6": 2509.0,
            "ABC_temp_raw_7": 2776.0,
            "ABC_temp_raw_8": 2782.0,
            "ABC_temp_raw_9": 2706.0,
            "AMAC_AM600BG": 668.0,
            "AMAC_AM900BG": 984.0,
            "AMAC_AMref": 135.0,
            "AMAC_BG600": 708.0,
            "AMAC_CAL": 4.0,
            "AMAC_CALx": 39.0,
            "AMAC_CALy": 40.0,
            "AMAC_CHIPGND": 18.0,
            "AMAC_CTAT": 553.0,
            "AMAC_Cur10V": 831.0,
            "AMAC_Cur1V5": 539.0,
            "AMAC_DCDCin": 11925.0,
            "AMAC_DCDCinHigh": 941.0,
            "AMAC_DCDCinLow": 935.0,
            "AMAC_DCDCoutHigh": 889.0,
            "AMAC_DCDCoutLow": 872.0,
            "AMAC_HGND": 18.0,
            "AMAC_HVret": 510.5,
            "AMAC_HVret_V": 103.0,
            "AMAC_Hrefx": 36.0,
            "AMAC_Hrefy": 35.0,
            "AMAC_NTCpb": 2.7360777854919434,
            "AMAC_NTCpb_V": 420.0,
            "AMAC_NTCx": -2.7559571266174316,
            "AMAC_NTCx_V": 401.0,
            "AMAC_NTCy": -29.8878231048584,
            "AMAC_NTCy_V": 287.0,
            "AMAC_PTAT_V": 1210.0,
            "AMAC_Shuntx": 168.0,
            "AMAC_Shunty": 163.0,
            "AMAC_VDCDC": 1446.0,
            "AMAC_VDDHI": 3516.0,
            "AMAC_VDDLRhigh": 861.0,
            "AMAC_VDDLRlow": 862.0,
            "AMAC_VREG": 1320.0,
            "HCC_temp_raw": 415.0,
            "HCC_temp_rough_cal": 23.81500244140625,
            "Module 1_HV_current": 35526.6015625,
            "Module 1_HV_voltage": -349960.0
        },
        "det_info": {
            "ABC_Fuse": [
                "8943d857",
                "8943d856",
                "8943d855",
                "8943d853",
                "8943d852",
                "8943d851",
                "8943d850",
                "8943d84f",
                "8943d84e",
                "8943d84d"
            ],
            "Address": [
                0,
                1,
                2,
                3,
                4,
                5,
                6,
                7,
                8,
                9
            ],
            "Channel": [
                1,
                2,
                3,
                4,
                5,
                6,
                7,
                8,
                9,
                10
            ],
            "DUT_type": "ABCStar_Test     #FMC-DP connec",
            "HCC_Fuse": "20401216",
            "Module 1_HV_model": "dt1415",
            "name": "star_barrel_LS_X_chipset_10"
        },
        "scan_info": {
            "event_count": 100
        },
        "system_info": {
            "Analysis_time": "2023-10-26T10:25:13.000Z",
            "Firmware revision": "0xb5fb",
            "GIT URL": "https://gitlab.cern.ch/atlas-itk-strips-daq/itsdaq-sw.git/-/tree/2c16fbef8ab56ba4f093cdec5b766ec08fbfe7b0",
            "GIT branch": "",
            "GIT build date": "2023-10-19 12:01:05 +0000 (Thu, 19 Oct 2023)",
            "GIT commit date": "2023-10-18 14:18:06 +0000 (Wed, 18 Oct 2023)",
            "GIT describe": "itsdaq_23_3_2023-832-g2c16fbef8",
            "GIT revision": "2c16fbef8ab56ba4f093cdec5b766ec08fbfe7b0",
            "Location": "COLDBOX",
            "User": "EWAL",
            "analysis_version": "3.43",
            "dedication": "New dedication as we're going for PPA",
            "host": "itkdaq"
        },
        "trim_offset": 15,
        "trim_range": 6
    },
    "results": {
        "trim_away": [
            8,
            14,
            14,
            14,
            23,
            5,
            11,
            6,
            7,
            13,
            12,
            13,
            14,
            9,
            2,
            12,
            9,
            17,
            20,
            18,
            12,
            17,
            15,
            17,
            10,
            14,
            13,
            12,
            11,
            6,
            10,
            19,
            17,
            2,
            17,
            6,
            15,
            8,
            14,
            14,
            12,
            6,
            13,
            16,
            12,
            9,
            21,
            16,
            20,
            15,
            11,
            14,
            14,
            15,
            14,
            2,
            18,
            9,
            13,
            19,
            8,
            9,
            26,
            10,
            15,
            4,
            6,
            8,
            16,
            8,
            21,
            7,
            13,
            13,
            15,
            21,
            12,
            19,
            14,
            14,
            11,
            14,
            13,
            17,
            19,
            20,
            10,
            19,
            17,
            12,
            11,
            15,
            11,
            15,
            17,
            10,
            11,
            8,
            15,
            14,
            19,
            17,
            15,
            10,
            12,
            16,
            16,
            11,
            8,
            10,
            14,
            18,
            21,
            8,
            8,
            15,
            10,
            13,
            13,
            10,
            11,
            11,
            12,
            15,
            13,
            15,
            19,
            13,
            14,
            10,
            14,
            13,
            17,
            19,
            6,
            16,
            15,
            20,
            20,
            15,
            12,
            7,
            18,
            17,
            14,
            26,
            22,
            9,
            19,
            16,
            20,
            20,
            8,
            7,
            13,
            17,
            21,
            7,
            8,
            17,
            14,
            17,
            16,
            22,
            9,
            15,
            15,
            11,
            11,
            11,
            15,
            12,
            10,
            20,
            20,
            16,
            13,
            11,
            13,
            20,
            21,
            14,
            11,
            15,
            7,
            19,
            22,
            12,
            13,
            13,
            21,
            17,
            15,
            14,
            10,
            7,
            11,
            13,
            20,
            14,
            12,
            9,
            20,
            12,
            21,
            12,
            14,
            10,
            15,
            13,
            14,
            14,
            13,
            8,
            11,
            10,
            20,
            18,
            4,
            14,
            13,
            18,
            16,
            22,
            8,
            23,
            10,
            8,
            9,
            6,
            15,
            19,
            12,
            14,
            23,
            14,
            13,
            12,
            14,
            8,
            14,
            6,
            9,
            11,
            9,
            13,
            21,
            17,
            14,
            9,
            16,
            16,
            16,
            11,
            18,
            19,
            12,
            19,
            19,
            26,
            19,
            8,
            13,
            15,
            17,
            15,
            16,
            21,
            20,
            13,
            16,
            15,
            16,
            14,
            16,
            14,
            18,
            9,
            20,
            12,
            8,
            17,
            13,
            18,
            25,
            16,
            17,
            15,
            21,
            24,
            16,
            15,
            20,
            16,
            15,
            18,
            6,
            19,
            14,
            16,
            13,
            12,
            17,
            21,
            13,
            20,
            11,
            16,
            20,
            13,
            10,
            14,
            11,
            25,
            13,
            12,
            16,
            4,
            23,
            11,
            17,
            21,
            15,
            3,
            11,
            16,
            14,
            18,
            6,
            16,
            15,
            13,
            15,
            11,
            20,
            18,
            14,
            20,
            14,
            16,
            12,
            19,
            9,
            23,
            19,
            24,
            13,
            19,
            17,
            12,
            11,
            16,
            15,
            23,
            21,
            14,
            15,
            17,
            19,
            13,
            15,
            15,
            18,
            8,
            12,
            14,
            12,
            10,
            15,
            15,
            13,
            13,
            12,
            9,
            11,
            16,
            16,
            7,
            13,
            13,
            13,
            18,
            16,
            15,
            16,
            21,
            21,
            19,
            19,
            28,
            14,
            20,
            7,
            12,
            18,
            22,
            7,
            17,
            16,
            12,
            15,
            17,
            17,
            16,
            15,
            12,
            14,
            9,
            11,
            19,
            18,
            8,
            19,
            19,
            13,
            14,
            22,
            27,
            12,
            18,
            10,
            16,
            11,
            19,
            20,
            18,
            11,
            11,
            18,
            16,
            21,
            25,
            13,
            13,
            15,
            15,
            17,
            20,
            7,
            19,
            17,
            21,
            18,
            16,
            13,
            17,
            15,
            14,
            17,
            14,
            15,
            16,
            21,
            18,
            14,
            18,
            17,
            16,
            13,
            23,
            12,
            15,
            7,
            17,
            12,
            13,
            7,
            16,
            28,
            22,
            17,
            18,
            20,
            14,
            20,
            14,
            14,
            14,
            16,
            18,
            18,
            12,
            15,
            17,
            20,
            8,
            12,
            23,
            5,
            10,
            17,
            6,
            9,
            12,
            15,
            15,
            14,
            19,
            17,
            11,
            10,
            15,
            16,
            12,
            21,
            6,
            6,
            9,
            19,
            13,
            11,
            12,
            23,
            11,
            14,
            11,
            19,
            16,
            10,
            19,
            16,
            18,
            20,
            18,
            15,
            13,
            23,
            17,
            16,
            18,
            4,
            15,
            13,
            15,
            18,
            12,
            14,
            19,
            17,
            10,
            21,
            12,
            11,
            11,
            17,
            11,
            15,
            18,
            7,
            20,
            18,
            17,
            16,
            19,
            15,
            18,
            18,
            13,
            18,
            23,
            20,
            19,
            10,
            12,
            17,
            21,
            14,
            19,
            20,
            18,
            10,
            17,
            20,
            13,
            16,
            17,
            20,
            16,
            15,
            6,
            20,
            22,
            11,
            14,
            11,
            14,
            19,
            12,
            14,
            19,
            13,
            11,
            19,
            20,
            17,
            14,
            25,
            15,
            11,
            22,
            13,
            20,
            16,
            16,
            22,
            18,
            20,
            24,
            15,
            15,
            17,
            13,
            22,
            12,
            13,
            14,
            11,
            18,
            15,
            13,
            18,
            13,
            21,
            14,
            20,
            23,
            13,
            13,
            14,
            8,
            18,
            8,
            25,
            6,
            23,
            9,
            13,
            17,
            9,
            11,
            11,
            15,
            6,
            7,
            12,
            7,
            21,
            13,
            14,
            14,
            15,
            15,
            1,
            14,
            10,
            15,
            16,
            5,
            18,
            16,
            9,
            20,
            13,
            15,
            18,
            16,
            13,
            7,
            11,
            12,
            7,
            7,
            16,
            13,
            13,
            11,
            15,
            10,
            9,
            14,
            18,
            6,
            23,
            6,
            9,
            23,
            16,
            14,
            18,
            9,
            16,
            16,
            28,
            14,
            11,
            17,
            10,
            18,
            15,
            18,
            9,
            13,
            16,
            25,
            17,
            15,
            22,
            13,
            17,
            17,
            8,
            11,
            18,
            10,
            9,
            22,
            20,
            18,
            14,
            8,
            11,
            15,
            19,
            9,
            17,
            20,
            22,
            15,
            15,
            23,
            15,
            15,
            20,
            15,
            11,
            12,
            16,
            17,
            23,
            7,
            18,
            16,
            20,
            21,
            13,
            16,
            18,
            15,
            17,
            8,
            25,
            13,
            5,
            16,
            16,
            20,
            12,
            18,
            21,
            19,
            13,
            19,
            17,
            24,
            18,
            12,
            15,
            15,
            18,
            9,
            14,
            21,
            21,
            20,
            21,
            21,
            19,
            12,
            23,
            18,
            22,
            19,
            27,
            14,
            14,
            27,
            17,
            23,
            14,
            27,
            26,
            6,
            23,
            10,
            15,
            18,
            15,
            17,
            23,
            7,
            21,
            6,
            14,
            19,
            21,
            25,
            15,
            20,
            23,
            12,
            18,
            25,
            15,
            13,
            20,
            19,
            9,
            11,
            16,
            19,
            19,
            17,
            12,
            20,
            15,
            10,
            16,
            6,
            19,
            18,
            22,
            15,
            22,
            7,
            14,
            24,
            11,
            19,
            20,
            20,
            25,
            14,
            23,
            14,
            22,
            18,
            15,
            19,
            9,
            20,
            22,
            16,
            13,
            17,
            27,
            21,
            12,
            16,
            15,
            17,
            3,
            12,
            18,
            18,
            19,
            14,
            15,
            11,
            20,
            15,
            19,
            20,
            13,
            19,
            14,
            21,
            21,
            12,
            17,
            19,
            18,
            18,
            25,
            12,
            12,
            19,
            22,
            19,
            17,
            26,
            16,
            11,
            18,
            22,
            9,
            15,
            4,
            13,
            12,
            21,
            16,
            18,
            15,
            18,
            18,
            15,
            24,
            13,
            18,
            16,
            17,
            15,
            17,
            16,
            13,
            19,
            13,
            7,
            17,
            25,
            18,
            24,
            17,
            12,
            15,
            13,
            13,
            18,
            13,
            10,
            13,
            8,
            13,
            20,
            13,
            18,
            13,
            7,
            10,
            10,
            13,
            8,
            14,
            11,
            17,
            13,
            10,
            9,
            19,
            14,
            17,
            10,
            11,
            14,
            14,
            13,
            14,
            13,
            20,
            9,
            16,
            4,
            10,
            17,
            16,
            21,
            25,
            8,
            17,
            16,
            5,
            9,
            16,
            16,
            15,
            10,
            20,
            16,
            12,
            10,
            17,
            15,
            16,
            9,
            25,
            15,
            20,
            11,
            14,
            20,
            9,
            11,
            14,
            16,
            3,
            11,
            11,
            16,
            14,
            14,
            13,
            13,
            16,
            15,
            12,
            19,
            14,
            20,
            16,
            14,
            20,
            10,
            14,
            12,
            14,
            13,
            18,
            14,
            17,
            15,
            12,
            20,
            19,
            15,
            7,
            17,
            14,
            17,
            13,
            19,
            13,
            15,
            16,
            16,
            20,
            24,
            8,
            16,
            15,
            20,
            14,
            18,
            21,
            18,
            21,
            10,
            20,
            15,
            12,
            5,
            15,
            16,
            19,
            21,
            17,
            14,
            21,
            12,
            18,
            19,
            20,
            16,
            12,
            18,
            11,
            10,
            12,
            10,
            16,
            20,
            26,
            22,
            16,
            5,
            11,
            10,
            12,
            25,
            12,
            13,
            23,
            13,
            18,
            10,
            8,
            24,
            11,
            14,
            10,
            18,
            13,
            23,
            13,
            22,
            13,
            14,
            20,
            10,
            25,
            15,
            15,
            13,
            18,
            22,
            15,
            17,
            19,
            12,
            19,
            20,
            11,
            13,
            21,
            17,
            19,
            11,
            22,
            16,
            20,
            7,
            13,
            19,
            14,
            11,
            18,
            10,
            15,
            9,
            14,
            21,
            13,
            10,
            14,
            12,
            13,
            25,
            21,
            14,
            16,
            18,
            25,
            19,
            11,
            17,
            22,
            19,
            11,
            18,
            18,
            22,
            19,
            14,
            14,
            11,
            18,
            11,
            15,
            18,
            12,
            11,
            17,
            12,
            18,
            16,
            4,
            18,
            17,
            14,
            12,
            15,
            10,
            11,
            15,
            11,
            16,
            13,
            12,
            1,
            22,
            13,
            15,
            15,
            17,
            9,
            17,
            16,
            16,
            16,
            13,
            12,
            14,
            11,
            12,
            15,
            14,
            7,
            7,
            23,
            15,
            16,
            16,
            16,
            20,
            17,
            10,
            22,
            15,
            14,
            10,
            13,
            11,
            15,
            0,
            14,
            20,
            7,
            16,
            14,
            12,
            22,
            14,
            11,
            16,
            11,
            15,
            14,
            12,
            13,
            22,
            7,
            10,
            12,
            20,
            20,
            18,
            15,
            10,
            7,
            9,
            14,
            16,
            11,
            15,
            8,
            15,
            15,
            17,
            17,
            10,
            10,
            15,
            19,
            7,
            12,
            17,
            19,
            11,
            15,
            12,
            13,
            12,
            14,
            17,
            11,
            18,
            13,
            10,
            17,
            13,
            18,
            23,
            21,
            14,
            16,
            16,
            8,
            18,
            11,
            10,
            15
        ],
        "trim_under": [
            12,
            11,
            20,
            10,
            9,
            26,
            12,
            12,
            9,
            13,
            9,
            11,
            17,
            16,
            15,
            21,
            17,
            5,
            9,
            5,
            13,
            14,
            7,
            16,
            9,
            6,
            10,
            10,
            11,
            15,
            14,
            5,
            14,
            6,
            18,
            9,
            16,
            12,
            25,
            12,
            18,
            0,
            11,
            16,
            14,
            12,
            15,
            20,
            14,
            20,
            21,
            12,
            10,
            20,
            16,
            1,
            8,
            12,
            11,
            18,
            14,
            17,
            8,
            16,
            12,
            12,
            8,
            16,
            15,
            8,
            10,
            13,
            6,
            8,
            16,
            15,
            4,
            15,
            15,
            15,
            8,
            13,
            18,
            14,
            19,
            17,
            20,
            12,
            7,
            11,
            12,
            15,
            15,
            8,
            10,
            16,
            12,
            12,
            18,
            15,
            20,
            11,
            25,
            12,
            7,
            15,
            13,
            4,
            17,
            15,
            10,
            20,
            17,
            6,
            4,
            2,
            11,
            6,
            16,
            14,
            2,
            9,
            10,
            2,
            11,
            8,
            8,
            6,
            16,
            18,
            23,
            12,
            16,
            10,
            7,
            14,
            10,
            15,
            9,
            15,
            11,
            15,
            19,
            13,
            20,
            17,
            18,
            17,
            14,
            11,
            10,
            16,
            15,
            17,
            12,
            16,
            10,
            14,
            9,
            11,
            16,
            15,
            8,
            9,
            16,
            19,
            12,
            15,
            10,
            13,
            7,
            16,
            21,
            9,
            16,
            17,
            21,
            14,
            15,
            16,
            9,
            8,
            14,
            16,
            20,
            20,
            14,
            19,
            12,
            13,
            16,
            19,
            13,
            19,
            15,
            16,
            10,
            24,
            12,
            13,
            10,
            17,
            17,
            13,
            11,
            9,
            23,
            17,
            17,
            20,
            16,
            10,
            22,
            19,
            20,
            18,
            19,
            9,
            16,
            12,
            19,
            13,
            23,
            10,
            12,
            16,
            18,
            16,
            13,
            13,
            13,
            12,
            11,
            20,
            15,
            15,
            15,
            16,
            21,
            13,
            16,
            14,
            20,
            13,
            10,
            10,
            13,
            17,
            14,
            10,
            13,
            12,
            14,
            10,
            11,
            13,
            6,
            13,
            14,
            10,
            13,
            13,
            16,
            18,
            17,
            14,
            17,
            17,
            19,
            9,
            9,
            17,
            13,
            24,
            12,
            24,
            18,
            17,
            17,
            16,
            20,
            15,
            14,
            5,
            16,
            13,
            12,
            18,
            22,
            10,
            14,
            18,
            19,
            15,
            15,
            10,
            16,
            12,
            14,
            16,
            17,
            13,
            14,
            11,
            9,
            15,
            23,
            17,
            11,
            16,
            14,
            19,
            9,
            27,
            13,
            12,
            10,
            12,
            23,
            20,
            12,
            16,
            10,
            13,
            20,
            21,
            20,
            22,
            11,
            17,
            27,
            15,
            11,
            21,
            17,
            13,
            14,
            13,
            11,
            12,
            16,
            17,
            12,
            16,
            13,
            12,
            17,
            18,
            17,
            20,
            12,
            10,
            16,
            10,
            12,
            18,
            16,
            9,
            11,
            15,
            13,
            17,
            17,
            14,
            10,
            13,
            11,
            14,
            11,
            18,
            12,
            17,
            9,
            17,
            14,
            12,
            11,
            9,
            16,
            17,
            12,
            15,
            12,
            16,
            17,
            12,
            20,
            15,
            16,
            17,
            10,
            12,
            21,
            14,
            19,
            11,
            17,
            15,
            16,
            16,
            14,
            22,
            14,
            5,
            15,
            21,
            11,
            16,
            13,
            12,
            15,
            13,
            24,
            11,
            17,
            23,
            22,
            19,
            15,
            7,
            19,
            10,
            7,
            25,
            12,
            13,
            12,
            20,
            19,
            15,
            11,
            18,
            10,
            14,
            21,
            10,
            20,
            11,
            16,
            13,
            17,
            16,
            12,
            10,
            16,
            18,
            9,
            15,
            12,
            12,
            17,
            14,
            24,
            17,
            13,
            14,
            14,
            8,
            12,
            17,
            15,
            23,
            13,
            17,
            11,
            18,
            16,
            12,
            21,
            12,
            12,
            17,
            22,
            24,
            24,
            20,
            14,
            16,
            25,
            6,
            23,
            11,
            16,
            15,
            11,
            17,
            18,
            16,
            13,
            16,
            10,
            24,
            3,
            17,
            16,
            14,
            11,
            20,
            11,
            22,
            16,
            16,
            21,
            17,
            10,
            11,
            12,
            18,
            25,
            13,
            13,
            5,
            15,
            12,
            17,
            13,
            11,
            9,
            13,
            10,
            9,
            14,
            15,
            13,
            20,
            25,
            15,
            23,
            19,
            16,
            16,
            18,
            12,
            12,
            11,
            18,
            15,
            18,
            9,
            14,
            22,
            17,
            23,
            25,
            18,
            10,
            12,
            18,
            19,
            13,
            13,
            19,
            15,
            16,
            5,
            18,
            18,
            22,
            19,
            14,
            19,
            14,
            23,
            16,
            19,
            26,
            23,
            12,
            24,
            16,
            6,
            17,
            12,
            12,
            20,
            24,
            11,
            13,
            14,
            18,
            24,
            16,
            21,
            22,
            2,
            19,
            12,
            14,
            20,
            9,
            20,
            20,
            15,
            15,
            16,
            16,
            18,
            14,
            21,
            11,
            15,
            15,
            15,
            14,
            10,
            13,
            16,
            14,
            22,
            22,
            24,
            11,
            21,
            29,
            17,
            8,
            19,
            18,
            13,
            11,
            14,
            15,
            14,
            6,
            13,
            17,
            21,
            9,
            25,
            11,
            14,
            14,
            11,
            15,
            19,
            12,
            12,
            18,
            15,
            14,
            3,
            6,
            4,
            11,
            4,
            11,
            15,
            9,
            14,
            18,
            0,
            7,
            8,
            14,
            9,
            7,
            4,
            9,
            17,
            14,
            21,
            14,
            12,
            13,
            19,
            16,
            8,
            21,
            13,
            5,
            22,
            10,
            13,
            11,
            15,
            8,
            12,
            26,
            10,
            13,
            22,
            19,
            14,
            13,
            14,
            19,
            0,
            8,
            18,
            13,
            14,
            16,
            9,
            6,
            9,
            12,
            8,
            6,
            15,
            14,
            11,
            12,
            12,
            13,
            14,
            21,
            11,
            17,
            14,
            8,
            14,
            16,
            17,
            7,
            9,
            13,
            16,
            20,
            18,
            11,
            25,
            11,
            21,
            14,
            16,
            17,
            16,
            8,
            15,
            15,
            10,
            14,
            14,
            16,
            12,
            16,
            19,
            20,
            11,
            5,
            18,
            16,
            17,
            11,
            12,
            13,
            3,
            14,
            12,
            14,
            22,
            10,
            22,
            14,
            16,
            16,
            10,
            13,
            15,
            14,
            13,
            17,
            14,
            12,
            18,
            14,
            16,
            11,
            13,
            14,
            21,
            15,
            18,
            15,
            19,
            8,
            13,
            19,
            23,
            13,
            17,
            21,
            27,
            16,
            6,
            18,
            19,
            8,
            18,
            17,
            12,
            20,
            16,
            16,
            15,
            19,
            19,
            23,
            16,
            12,
            19,
            27,
            17,
            20,
            16,
            22,
            19,
            28,
            20,
            14,
            17,
            16,
            13,
            16,
            12,
            14,
            13,
            18,
            21,
            14,
            21,
            17,
            13,
            14,
            22,
            17,
            12,
            22,
            22,
            19,
            13,
            12,
            20,
            23,
            11,
            10,
            21,
            14,
            8,
            20,
            12,
            20,
            21,
            16,
            27,
            19,
            23,
            6,
            13,
            20,
            18,
            13,
            11,
            18,
            15,
            11,
            20,
            12,
            17,
            16,
            13,
            12,
            20,
            16,
            18,
            14,
            17,
            9,
            18,
            16,
            13,
            19,
            13,
            19,
            12,
            11,
            13,
            16,
            18,
            17,
            15,
            15,
            20,
            13,
            28,
            14,
            15,
            16,
            18,
            22,
            21,
            22,
            20,
            20,
            18,
            14,
            6,
            15,
            12,
            10,
            15,
            16,
            10,
            18,
            22,
            16,
            12,
            15,
            9,
            8,
            12,
            18,
            12,
            16,
            7,
            15,
            10,
            11,
            13,
            13,
            7,
            0,
            16,
            13,
            15,
            13,
            11,
            11,
            25,
            18,
            21,
            14,
            13,
            8,
            15,
            17,
            10,
            14,
            17,
            17,
            17,
            18,
            8,
            10,
            12,
            13,
            13,
            10,
            13,
            17,
            16,
            14,
            1,
            16,
            14,
            8,
            16,
            14,
            14,
            18,
            10,
            20,
            14,
            9,
            8,
            13,
            13,
            15,
            12,
            7,
            13,
            15,
            5,
            17,
            13,
            14,
            16,
            15,
            4,
            18,
            13,
            14,
            18,
            9,
            4,
            16,
            5,
            11,
            16,
            4,
            16,
            14,
            16,
            16,
            11,
            15,
            17,
            15,
            17,
            18,
            12,
            10,
            11,
            13,
            18,
            14,
            18,
            13,
            7,
            17,
            15,
            10,
            22,
            15,
            19,
            15,
            17,
            13,
            13,
            12,
            13,
            26,
            22,
            11,
            16,
            21,
            20,
            16,
            21,
            19,
            14,
            12,
            26,
            20,
            16,
            12,
            23,
            18,
            14,
            19,
            19,
            13,
            14,
            22,
            18,
            15,
            14,
            22,
            9,
            19,
            19,
            16,
            20,
            18,
            13,
            16,
            26,
            18,
            7,
            7,
            13,
            16,
            18,
            12,
            12,
            18,
            10,
            10,
            27,
            13,
            10,
            23,
            15,
            16,
            17,
            23,
            12,
            17,
            24,
            21,
            15,
            7,
            13,
            14,
            21,
            25,
            17,
            19,
            22,
            18,
            14,
            16,
            17,
            16,
            28,
            13,
            16,
            11,
            24,
            20,
            14,
            14,
            16,
            18,
            22,
            23,
            14,
            16,
            23,
            16,
            19,
            20,
            17,
            22,
            12,
            21,
            25,
            28,
            16,
            14,
            14,
            13,
            21,
            11,
            19,
            18,
            21,
            15,
            12,
            11,
            13,
            14,
            8,
            14,
            13,
            17,
            19,
            7,
            13,
            18,
            20,
            20,
            20,
            16,
            21,
            13,
            24,
            10,
            21,
            20,
            14,
            21,
            13,
            15,
            18,
            11,
            12,
            17,
            17,
            23,
            12,
            11,
            16,
            14,
            19,
            14,
            24,
            11,
            9,
            17,
            22,
            13,
            16,
            15,
            15,
            19,
            19,
            20,
            3,
            16,
            18,
            17,
            13,
            11,
            12,
            7,
            16,
            8,
            5,
            6,
            12,
            12,
            13,
            17,
            11,
            19,
            12,
            18,
            11,
            14,
            11,
            13,
            12,
            9,
            19,
            9,
            9,
            15,
            11,
            16,
            5,
            10,
            10,
            15,
            15,
            16,
            10,
            16,
            11,
            8,
            25,
            15,
            19,
            23,
            12,
            14,
            9,
            13,
            14,
            13,
            9,
            13,
            7,
            16,
            12,
            13,
            20,
            8,
            11,
            18,
            14,
            9,
            15,
            8,
            14,
            18,
            13,
            12,
            12,
            13,
            12,
            18,
            13,
            15,
            11,
            15,
            16,
            13,
            11,
            11,
            19,
            17,
            19,
            18,
            14,
            18,
            18,
            9,
            14,
            20,
            18,
            13,
            11,
            6,
            18,
            16,
            6,
            15,
            11,
            10
        ]
    },
    "runNumber": "337-1",
    "testType": "PEDESTAL_TRIM_PPA"
}
