{
    "date": "2023-10-26T13:23:02.000Z",
    "institution": "LUND",
    "passed": true,
    "problems": false,
    "properties": {
        "DCS": {
            "ABC_temp_raw_1": 2462.0,
            "ABC_temp_raw_10": 2395.0,
            "ABC_temp_raw_2": 2604.0,
            "ABC_temp_raw_3": 2514.0,
            "ABC_temp_raw_4": 2527.0,
            "ABC_temp_raw_5": 2406.0,
            "ABC_temp_raw_6": 2265.0,
            "ABC_temp_raw_7": 2488.0,
            "ABC_temp_raw_8": 2480.0,
            "ABC_temp_raw_9": 2455.0,
            "AMAC_AM600BG": 655.0,
            "AMAC_AM900BG": 964.0,
            "AMAC_AMref": 131.0,
            "AMAC_BG600": 688.0,
            "AMAC_CAL": 4.0,
            "AMAC_CALx": 43.0,
            "AMAC_CALy": 43.0,
            "AMAC_CHIPGND": 18.0,
            "AMAC_CTAT": 497.0,
            "AMAC_Cur10V": 746.0,
            "AMAC_Cur1V5": 602.0,
            "AMAC_DCDCin": 11685.0,
            "AMAC_DCDCinHigh": 915.0,
            "AMAC_DCDCinLow": 913.0,
            "AMAC_DCDCoutHigh": 845.0,
            "AMAC_DCDCoutLow": 825.0,
            "AMAC_HGND": 17.0,
            "AMAC_HVret": 642.0,
            "AMAC_HVret_V": 119.0,
            "AMAC_Hrefx": 35.0,
            "AMAC_Hrefy": 23.0,
            "AMAC_NTCpb": 29.0389347076416,
            "AMAC_NTCpb_V": 813.0,
            "AMAC_NTCx": 23.8408145904541,
            "AMAC_NTCx_V": 707.0,
            "AMAC_NTCy": -31.85048484802246,
            "AMAC_NTCy_V": 283.0,
            "AMAC_PTAT_V": 1340.0,
            "AMAC_Shuntx": 162.0,
            "AMAC_Shunty": 158.0,
            "AMAC_VDCDC": 1396.0,
            "AMAC_VDDHI": 3444.0,
            "AMAC_VDDLRhigh": 838.0,
            "AMAC_VDDLRlow": 838.0,
            "AMAC_VREG": 1285.5,
            "HCC_temp_raw": 377.0,
            "HCC_temp_rough_cal": 48.09700012207031,
            "Module 1_HV_current": 35640.59765625,
            "Module 1_HV_voltage": -349940.0
        },
        "det_info": {
            "ABC_Fuse": [
                "8943d857",
                "8943d856",
                "8943d855",
                "8943d853",
                "8943d852",
                "8943d851",
                "8943d850",
                "8943d84f",
                "8943d84e",
                "8943d84d"
            ],
            "Address": [
                0,
                1,
                2,
                3,
                4,
                5,
                6,
                7,
                8,
                9
            ],
            "Channel": [
                1,
                2,
                3,
                4,
                5,
                6,
                7,
                8,
                9,
                10
            ],
            "DUT_type": "ABCStar_Test     #FMC-DP connec",
            "HCC_Fuse": "20401216",
            "Module 1_HV_model": "dt1415",
            "name": "star_barrel_LS_X_chipset_10"
        },
        "scan_info": {
            "event_count": 100
        },
        "system_info": {
            "Analysis_time": "2023-10-26T13:23:02.000Z",
            "Firmware revision": "0xb5fb",
            "GIT URL": "https://gitlab.cern.ch/atlas-itk-strips-daq/itsdaq-sw.git/-/tree/2c16fbef8ab56ba4f093cdec5b766ec08fbfe7b0",
            "GIT branch": "",
            "GIT build date": "2023-10-19 12:01:05 +0000 (Thu, 19 Oct 2023)",
            "GIT commit date": "2023-10-18 14:18:06 +0000 (Wed, 18 Oct 2023)",
            "GIT describe": "itsdaq_23_3_2023-832-g2c16fbef8",
            "GIT revision": "2c16fbef8ab56ba4f093cdec5b766ec08fbfe7b0",
            "Location": "COLDBOX",
            "User": "EWAL",
            "analysis_version": "3.43",
            "dedication": "New dedication as we're going for PPA",
            "host": "itkdaq"
        },
        "trim_offset": 15,
        "trim_range": 6
    },
    "results": {
        "trim_away": [
            8,
            14,
            14,
            14,
            23,
            7,
            12,
            7,
            9,
            13,
            13,
            13,
            14,
            10,
            3,
            12,
            11,
            17,
            19,
            17,
            13,
            18,
            16,
            17,
            10,
            15,
            13,
            12,
            12,
            7,
            11,
            19,
            17,
            4,
            17,
            7,
            15,
            9,
            15,
            13,
            14,
            7,
            14,
            17,
            12,
            10,
            21,
            16,
            20,
            16,
            11,
            15,
            14,
            15,
            14,
            4,
            18,
            9,
            13,
            19,
            10,
            11,
            25,
            11,
            15,
            5,
            7,
            9,
            16,
            10,
            20,
            8,
            14,
            14,
            16,
            21,
            13,
            19,
            14,
            14,
            12,
            16,
            14,
            17,
            18,
            19,
            11,
            20,
            17,
            13,
            12,
            16,
            11,
            15,
            18,
            12,
            11,
            9,
            15,
            14,
            19,
            17,
            15,
            11,
            13,
            16,
            17,
            11,
            10,
            10,
            14,
            17,
            21,
            9,
            10,
            16,
            11,
            14,
            14,
            9,
            11,
            12,
            12,
            16,
            13,
            16,
            19,
            13,
            14,
            11,
            14,
            13,
            16,
            18,
            7,
            15,
            15,
            19,
            19,
            15,
            11,
            8,
            17,
            17,
            15,
            24,
            21,
            10,
            19,
            16,
            19,
            19,
            9,
            7,
            13,
            17,
            21,
            9,
            8,
            18,
            14,
            17,
            16,
            21,
            9,
            15,
            15,
            12,
            11,
            11,
            15,
            12,
            11,
            18,
            20,
            17,
            13,
            10,
            14,
            20,
            21,
            14,
            12,
            15,
            9,
            19,
            21,
            11,
            14,
            14,
            20,
            17,
            15,
            15,
            11,
            7,
            12,
            13,
            20,
            15,
            13,
            9,
            20,
            11,
            21,
            12,
            14,
            10,
            15,
            12,
            14,
            15,
            14,
            8,
            11,
            11,
            19,
            19,
            6,
            14,
            13,
            17,
            16,
            22,
            9,
            23,
            11,
            8,
            10,
            8,
            16,
            19,
            12,
            14,
            23,
            14,
            13,
            12,
            14,
            9,
            14,
            8,
            9,
            12,
            10,
            13,
            20,
            16,
            14,
            9,
            16,
            16,
            15,
            11,
            18,
            18,
            13,
            18,
            18,
            25,
            19,
            9,
            12,
            15,
            17,
            14,
            16,
            19,
            20,
            13,
            16,
            15,
            17,
            14,
            16,
            14,
            18,
            10,
            20,
            13,
            9,
            17,
            14,
            18,
            24,
            17,
            17,
            15,
            21,
            24,
            16,
            15,
            20,
            16,
            16,
            17,
            8,
            20,
            14,
            16,
            12,
            13,
            17,
            20,
            14,
            20,
            12,
            16,
            19,
            13,
            10,
            15,
            12,
            24,
            13,
            13,
            16,
            5,
            22,
            11,
            17,
            20,
            15,
            4,
            13,
            17,
            15,
            18,
            7,
            16,
            15,
            13,
            16,
            12,
            19,
            17,
            14,
            19,
            15,
            17,
            13,
            18,
            10,
            21,
            19,
            22,
            14,
            18,
            17,
            12,
            12,
            16,
            15,
            22,
            20,
            15,
            15,
            17,
            20,
            13,
            15,
            15,
            19,
            9,
            13,
            14,
            13,
            10,
            15,
            15,
            13,
            13,
            13,
            10,
            12,
            16,
            16,
            8,
            13,
            13,
            12,
            17,
            16,
            15,
            16,
            21,
            20,
            18,
            19,
            27,
            13,
            20,
            8,
            12,
            18,
            22,
            9,
            17,
            15,
            12,
            15,
            18,
            17,
            17,
            15,
            12,
            14,
            10,
            12,
            19,
            18,
            10,
            19,
            19,
            14,
            14,
            23,
            25,
            12,
            18,
            10,
            16,
            13,
            19,
            20,
            17,
            12,
            12,
            17,
            16,
            22,
            24,
            14,
            13,
            16,
            15,
            17,
            19,
            8,
            19,
            17,
            20,
            19,
            16,
            13,
            17,
            15,
            14,
            17,
            13,
            15,
            17,
            20,
            17,
            14,
            17,
            17,
            16,
            14,
            22,
            14,
            15,
            8,
            16,
            12,
            14,
            9,
            16,
            26,
            21,
            17,
            18,
            20,
            14,
            20,
            14,
            15,
            15,
            15,
            17,
            17,
            11,
            15,
            16,
            19,
            9,
            12,
            21,
            7,
            10,
            17,
            8,
            12,
            13,
            15,
            14,
            16,
            19,
            18,
            11,
            12,
            16,
            16,
            13,
            20,
            8,
            7,
            10,
            19,
            13,
            11,
            12,
            23,
            11,
            14,
            12,
            19,
            17,
            11,
            19,
            16,
            17,
            19,
            18,
            15,
            13,
            22,
            17,
            15,
            18,
            6,
            16,
            12,
            16,
            18,
            12,
            13,
            18,
            16,
            10,
            20,
            13,
            11,
            11,
            18,
            11,
            16,
            18,
            8,
            19,
            19,
            16,
            16,
            18,
            15,
            18,
            17,
            13,
            18,
            22,
            19,
            19,
            10,
            13,
            17,
            20,
            14,
            18,
            19,
            18,
            11,
            17,
            19,
            13,
            15,
            16,
            20,
            16,
            14,
            8,
            18,
            22,
            11,
            14,
            11,
            14,
            20,
            12,
            15,
            19,
            13,
            10,
            19,
            19,
            16,
            14,
            24,
            15,
            11,
            22,
            13,
            19,
            16,
            16,
            21,
            18,
            19,
            23,
            15,
            15,
            16,
            13,
            22,
            13,
            13,
            14,
            11,
            17,
            15,
            13,
            17,
            12,
            21,
            15,
            19,
            22,
            15,
            13,
            15,
            9,
            18,
            10,
            24,
            8,
            22,
            10,
            13,
            18,
            10,
            11,
            12,
            16,
            8,
            8,
            12,
            8,
            20,
            13,
            14,
            15,
            15,
            16,
            4,
            16,
            10,
            16,
            16,
            7,
            19,
            16,
            9,
            19,
            14,
            15,
            18,
            16,
            13,
            9,
            12,
            12,
            8,
            8,
            16,
            13,
            14,
            12,
            15,
            12,
            10,
            15,
            17,
            7,
            22,
            8,
            10,
            22,
            16,
            13,
            18,
            10,
            17,
            16,
            27,
            13,
            12,
            17,
            11,
            18,
            16,
            16,
            9,
            13,
            17,
            24,
            17,
            15,
            21,
            14,
            16,
            17,
            8,
            10,
            18,
            10,
            10,
            21,
            19,
            18,
            15,
            9,
            12,
            15,
            18,
            10,
            16,
            20,
            21,
            16,
            14,
            22,
            15,
            15,
            19,
            14,
            11,
            13,
            16,
            16,
            23,
            8,
            17,
            16,
            20,
            19,
            13,
            15,
            17,
            15,
            17,
            10,
            25,
            13,
            6,
            16,
            15,
            20,
            12,
            18,
            20,
            18,
            13,
            18,
            17,
            23,
            17,
            12,
            15,
            14,
            18,
            10,
            13,
            19,
            20,
            18,
            20,
            21,
            18,
            12,
            22,
            17,
            22,
            18,
            27,
            15,
            15,
            26,
            17,
            23,
            15,
            25,
            25,
            7,
            20,
            10,
            14,
            17,
            15,
            17,
            22,
            8,
            20,
            6,
            14,
            19,
            21,
            24,
            14,
            19,
            22,
            12,
            18,
            24,
            15,
            14,
            20,
            18,
            10,
            12,
            15,
            18,
            19,
            17,
            12,
            19,
            15,
            11,
            16,
            8,
            18,
            18,
            20,
            15,
            22,
            8,
            15,
            24,
            10,
            19,
            20,
            19,
            24,
            15,
            22,
            15,
            21,
            16,
            16,
            19,
            11,
            19,
            21,
            16,
            13,
            16,
            25,
            20,
            12,
            17,
            15,
            17,
            4,
            13,
            18,
            17,
            19,
            13,
            14,
            12,
            20,
            16,
            18,
            19,
            15,
            19,
            14,
            20,
            21,
            12,
            17,
            19,
            19,
            18,
            25,
            12,
            11,
            18,
            21,
            19,
            16,
            25,
            16,
            11,
            17,
            22,
            9,
            16,
            6,
            13,
            13,
            21,
            15,
            17,
            14,
            18,
            18,
            15,
            22,
            13,
            18,
            16,
            16,
            15,
            17,
            15,
            13,
            20,
            13,
            9,
            17,
            23,
            17,
            23,
            18,
            13,
            15,
            13,
            14,
            17,
            13,
            10,
            13,
            10,
            13,
            20,
            14,
            17,
            13,
            8,
            11,
            11,
            14,
            8,
            15,
            12,
            18,
            13,
            10,
            10,
            19,
            13,
            18,
            11,
            11,
            14,
            15,
            12,
            14,
            14,
            20,
            10,
            16,
            6,
            11,
            17,
            16,
            20,
            25,
            8,
            17,
            16,
            5,
            10,
            16,
            16,
            16,
            11,
            19,
            15,
            13,
            12,
            18,
            15,
            16,
            10,
            23,
            16,
            19,
            12,
            15,
            20,
            10,
            12,
            14,
            17,
            4,
            12,
            11,
            16,
            14,
            15,
            15,
            15,
            17,
            14,
            12,
            19,
            15,
            20,
            15,
            15,
            19,
            10,
            13,
            12,
            14,
            13,
            17,
            14,
            16,
            16,
            12,
            19,
            18,
            16,
            8,
            16,
            14,
            17,
            12,
            19,
            13,
            14,
            16,
            16,
            21,
            23,
            9,
            15,
            15,
            20,
            15,
            17,
            20,
            17,
            20,
            10,
            19,
            16,
            12,
            7,
            15,
            15,
            19,
            21,
            17,
            14,
            21,
            12,
            18,
            19,
            20,
            17,
            13,
            18,
            11,
            10,
            13,
            12,
            16,
            19,
            25,
            22,
            16,
            6,
            12,
            11,
            13,
            24,
            14,
            13,
            23,
            13,
            18,
            11,
            8,
            24,
            11,
            14,
            10,
            19,
            13,
            23,
            13,
            22,
            13,
            15,
            19,
            10,
            23,
            16,
            15,
            13,
            18,
            22,
            15,
            18,
            20,
            13,
            19,
            19,
            12,
            13,
            20,
            17,
            19,
            12,
            21,
            15,
            20,
            9,
            14,
            19,
            15,
            11,
            18,
            11,
            15,
            10,
            15,
            20,
            14,
            10,
            15,
            12,
            14,
            23,
            22,
            14,
            15,
            17,
            24,
            18,
            11,
            17,
            22,
            18,
            12,
            17,
            18,
            21,
            20,
            13,
            14,
            12,
            17,
            11,
            15,
            18,
            13,
            12,
            17,
            13,
            17,
            16,
            5,
            18,
            17,
            14,
            13,
            15,
            10,
            11,
            14,
            11,
            16,
            14,
            12,
            3,
            21,
            13,
            15,
            16,
            17,
            9,
            18,
            17,
            16,
            16,
            13,
            13,
            15,
            12,
            12,
            15,
            15,
            8,
            9,
            22,
            15,
            16,
            15,
            16,
            19,
            17,
            10,
            21,
            15,
            14,
            10,
            13,
            12,
            16,
            1,
            15,
            19,
            7,
            16,
            14,
            12,
            22,
            15,
            11,
            16,
            11,
            15,
            14,
            12,
            13,
            22,
            9,
            10,
            12,
            20,
            19,
            17,
            15,
            11,
            7,
            10,
            14,
            17,
            11,
            14,
            8,
            15,
            16,
            17,
            17,
            10,
            10,
            15,
            19,
            8,
            12,
            17,
            19,
            11,
            15,
            13,
            14,
            12,
            14,
            17,
            11,
            18,
            13,
            11,
            17,
            14,
            18,
            23,
            21,
            15,
            16,
            16,
            9,
            18,
            11,
            11,
            15
        ],
        "trim_under": [
            13,
            12,
            19,
            10,
            10,
            25,
            13,
            13,
            9,
            13,
            10,
            12,
            17,
            16,
            15,
            21,
            17,
            6,
            9,
            7,
            15,
            14,
            9,
            16,
            11,
            7,
            11,
            11,
            12,
            16,
            14,
            6,
            14,
            6,
            17,
            11,
            17,
            13,
            24,
            12,
            18,
            2,
            12,
            16,
            14,
            12,
            15,
            20,
            14,
            20,
            21,
            12,
            10,
            20,
            16,
            2,
            10,
            13,
            11,
            18,
            15,
            16,
            9,
            18,
            11,
            13,
            8,
            16,
            14,
            9,
            11,
            14,
            8,
            8,
            17,
            15,
            6,
            15,
            16,
            15,
            10,
            14,
            18,
            14,
            19,
            17,
            21,
            12,
            8,
            11,
            12,
            16,
            15,
            9,
            11,
            16,
            12,
            12,
            18,
            16,
            20,
            12,
            24,
            12,
            7,
            16,
            12,
            6,
            18,
            16,
            11,
            19,
            17,
            7,
            5,
            4,
            11,
            8,
            15,
            15,
            5,
            10,
            10,
            4,
            12,
            9,
            9,
            8,
            16,
            17,
            23,
            12,
            16,
            10,
            8,
            16,
            10,
            15,
            10,
            15,
            11,
            15,
            18,
            14,
            19,
            17,
            18,
            17,
            14,
            11,
            10,
            17,
            16,
            18,
            12,
            17,
            11,
            14,
            10,
            12,
            17,
            14,
            8,
            8,
            16,
            19,
            12,
            16,
            10,
            12,
            7,
            15,
            20,
            10,
            15,
            17,
            21,
            14,
            15,
            16,
            11,
            9,
            14,
            17,
            19,
            19,
            14,
            18,
            13,
            12,
            16,
            18,
            13,
            18,
            15,
            16,
            10,
            23,
            13,
            13,
            11,
            17,
            17,
            12,
            12,
            10,
            22,
            17,
            17,
            19,
            16,
            10,
            20,
            18,
            19,
            18,
            18,
            9,
            16,
            12,
            19,
            13,
            23,
            11,
            13,
            15,
            19,
            16,
            14,
            13,
            13,
            11,
            12,
            20,
            16,
            15,
            15,
            16,
            21,
            12,
            16,
            15,
            19,
            13,
            10,
            10,
            14,
            17,
            13,
            10,
            14,
            13,
            13,
            10,
            12,
            13,
            8,
            13,
            15,
            11,
            13,
            13,
            15,
            19,
            16,
            15,
            17,
            17,
            18,
            9,
            9,
            16,
            14,
            23,
            11,
            23,
            18,
            17,
            18,
            16,
            18,
            15,
            15,
            7,
            16,
            12,
            13,
            18,
            21,
            11,
            14,
            17,
            19,
            15,
            15,
            11,
            16,
            13,
            14,
            16,
            17,
            13,
            14,
            12,
            10,
            15,
            22,
            17,
            12,
            16,
            14,
            19,
            10,
            25,
            13,
            12,
            12,
            12,
            21,
            20,
            12,
            16,
            11,
            12,
            20,
            20,
            20,
            21,
            12,
            18,
            26,
            15,
            12,
            20,
            17,
            14,
            14,
            13,
            12,
            13,
            16,
            17,
            12,
            15,
            13,
            12,
            17,
            17,
            17,
            20,
            12,
            10,
            16,
            11,
            12,
            17,
            15,
            10,
            12,
            16,
            13,
            17,
            18,
            15,
            11,
            13,
            11,
            15,
            11,
            18,
            13,
            16,
            10,
            16,
            13,
            12,
            11,
            11,
            16,
            17,
            12,
            15,
            13,
            16,
            16,
            12,
            19,
            14,
            16,
            17,
            11,
            12,
            20,
            14,
            18,
            11,
            17,
            14,
            15,
            16,
            14,
            22,
            13,
            6,
            16,
            21,
            12,
            16,
            13,
            13,
            16,
            14,
            23,
            11,
            18,
            22,
            21,
            19,
            14,
            7,
            18,
            10,
            8,
            25,
            12,
            13,
            13,
            19,
            18,
            16,
            11,
            18,
            10,
            14,
            20,
            11,
            19,
            11,
            16,
            14,
            16,
            17,
            13,
            11,
            16,
            19,
            9,
            16,
            13,
            13,
            16,
            14,
            23,
            17,
            13,
            13,
            14,
            9,
            13,
            17,
            15,
            22,
            13,
            18,
            11,
            17,
            16,
            13,
            20,
            12,
            12,
            17,
            22,
            23,
            23,
            20,
            14,
            16,
            25,
            7,
            22,
            11,
            16,
            15,
            13,
            16,
            18,
            16,
            13,
            16,
            10,
            24,
            5,
            18,
            17,
            14,
            12,
            19,
            10,
            21,
            16,
            16,
            20,
            16,
            10,
            10,
            12,
            18,
            24,
            13,
            13,
            7,
            15,
            12,
            16,
            13,
            12,
            9,
            13,
            10,
            10,
            14,
            16,
            13,
            20,
            24,
            15,
            22,
            18,
            17,
            15,
            17,
            12,
            12,
            10,
            17,
            15,
            17,
            10,
            14,
            22,
            16,
            21,
            24,
            17,
            11,
            13,
            17,
            18,
            13,
            13,
            18,
            15,
            17,
            6,
            19,
            17,
            20,
            18,
            15,
            18,
            13,
            22,
            17,
            18,
            25,
            22,
            12,
            23,
            16,
            7,
            16,
            12,
            13,
            19,
            23,
            11,
            13,
            14,
            18,
            24,
            16,
            20,
            21,
            4,
            18,
            13,
            14,
            19,
            10,
            19,
            19,
            15,
            16,
            16,
            16,
            17,
            13,
            21,
            11,
            14,
            14,
            14,
            14,
            11,
            14,
            17,
            14,
            22,
            20,
            23,
            12,
            21,
            28,
            16,
            8,
            18,
            17,
            14,
            11,
            15,
            15,
            15,
            7,
            13,
            16,
            20,
            9,
            25,
            12,
            14,
            14,
            11,
            16,
            19,
            13,
            11,
            18,
            16,
            13,
            5,
            7,
            6,
            13,
            6,
            12,
            14,
            9,
            15,
            17,
            3,
            7,
            8,
            14,
            10,
            8,
            7,
            10,
            16,
            14,
            21,
            14,
            13,
            13,
            17,
            17,
            9,
            20,
            13,
            6,
            20,
            11,
            14,
            12,
            15,
            9,
            13,
            25,
            10,
            14,
            20,
            19,
            13,
            13,
            15,
            19,
            1,
            8,
            18,
            13,
            15,
            16,
            9,
            8,
            9,
            12,
            9,
            8,
            14,
            14,
            11,
            12,
            12,
            13,
            15,
            20,
            11,
            17,
            14,
            9,
            14,
            16,
            17,
            7,
            10,
            13,
            16,
            18,
            18,
            13,
            24,
            12,
            21,
            14,
            15,
            16,
            16,
            9,
            15,
            16,
            11,
            14,
            13,
            16,
            12,
            17,
            19,
            20,
            11,
            6,
            18,
            16,
            16,
            11,
            11,
            13,
            4,
            14,
            11,
            14,
            21,
            11,
            21,
            14,
            17,
            17,
            10,
            13,
            14,
            15,
            12,
            17,
            14,
            12,
            18,
            14,
            16,
            12,
            13,
            15,
            20,
            15,
            17,
            14,
            17,
            8,
            14,
            19,
            21,
            14,
            17,
            21,
            25,
            17,
            7,
            18,
            17,
            9,
            17,
            17,
            12,
            21,
            17,
            15,
            15,
            19,
            18,
            22,
            15,
            12,
            19,
            26,
            17,
            19,
            17,
            21,
            19,
            26,
            19,
            14,
            18,
            16,
            13,
            17,
            13,
            14,
            13,
            18,
            20,
            14,
            19,
            17,
            13,
            14,
            21,
            16,
            13,
            22,
            20,
            19,
            13,
            12,
            19,
            22,
            13,
            11,
            21,
            14,
            9,
            19,
            12,
            19,
            21,
            17,
            26,
            19,
            22,
            7,
            13,
            20,
            18,
            13,
            13,
            18,
            16,
            11,
            20,
            12,
            16,
            15,
            14,
            12,
            20,
            17,
            18,
            14,
            17,
            10,
            18,
            16,
            14,
            19,
            15,
            19,
            12,
            12,
            13,
            17,
            17,
            17,
            15,
            15,
            19,
            13,
            26,
            15,
            15,
            16,
            17,
            21,
            19,
            21,
            20,
            20,
            18,
            14,
            7,
            16,
            13,
            11,
            15,
            15,
            9,
            17,
            21,
            16,
            11,
            16,
            9,
            9,
            13,
            17,
            13,
            17,
            8,
            14,
            11,
            11,
            14,
            12,
            8,
            3,
            15,
            14,
            15,
            14,
            12,
            12,
            25,
            18,
            20,
            14,
            13,
            9,
            16,
            17,
            10,
            13,
            16,
            18,
            18,
            18,
            8,
            10,
            13,
            12,
            13,
            11,
            13,
            17,
            17,
            15,
            3,
            16,
            14,
            9,
            16,
            14,
            15,
            18,
            10,
            20,
            14,
            11,
            9,
            14,
            13,
            16,
            13,
            10,
            14,
            15,
            6,
            17,
            14,
            14,
            17,
            15,
            6,
            18,
            14,
            15,
            18,
            10,
            6,
            16,
            7,
            11,
            17,
            6,
            16,
            15,
            16,
            16,
            12,
            15,
            16,
            15,
            17,
            17,
            13,
            11,
            11,
            14,
            18,
            14,
            19,
            13,
            9,
            17,
            15,
            10,
            23,
            15,
            19,
            15,
            17,
            13,
            13,
            13,
            13,
            26,
            21,
            12,
            15,
            21,
            19,
            16,
            22,
            18,
            15,
            13,
            25,
            19,
            17,
            13,
            22,
            18,
            14,
            18,
            18,
            12,
            13,
            22,
            18,
            15,
            14,
            22,
            10,
            19,
            19,
            16,
            19,
            19,
            13,
            16,
            25,
            18,
            9,
            8,
            14,
            16,
            19,
            12,
            13,
            18,
            10,
            12,
            27,
            12,
            10,
            22,
            15,
            16,
            16,
            23,
            12,
            17,
            22,
            20,
            16,
            8,
            14,
            14,
            20,
            24,
            18,
            19,
            22,
            18,
            13,
            16,
            18,
            16,
            27,
            14,
            15,
            11,
            23,
            19,
            15,
            14,
            15,
            17,
            22,
            23,
            15,
            16,
            22,
            17,
            18,
            21,
            17,
            22,
            13,
            21,
            25,
            26,
            16,
            15,
            15,
            13,
            21,
            11,
            19,
            18,
            20,
            15,
            13,
            11,
            14,
            14,
            9,
            15,
            14,
            17,
            18,
            7,
            13,
            17,
            19,
            20,
            20,
            16,
            21,
            15,
            23,
            12,
            21,
            20,
            14,
            21,
            13,
            15,
            17,
            11,
            12,
            17,
            16,
            23,
            13,
            12,
            15,
            15,
            18,
            14,
            24,
            10,
            10,
            17,
            21,
            13,
            16,
            15,
            15,
            18,
            18,
            19,
            5,
            15,
            18,
            17,
            13,
            11,
            12,
            8,
            15,
            9,
            6,
            7,
            13,
            13,
            12,
            16,
            11,
            19,
            13,
            18,
            11,
            14,
            11,
            13,
            13,
            9,
            18,
            10,
            11,
            16,
            11,
            16,
            6,
            10,
            11,
            15,
            16,
            16,
            11,
            17,
            11,
            10,
            24,
            16,
            20,
            22,
            12,
            14,
            10,
            13,
            14,
            14,
            9,
            13,
            7,
            16,
            13,
            13,
            19,
            9,
            12,
            18,
            14,
            10,
            15,
            10,
            14,
            18,
            13,
            12,
            13,
            13,
            12,
            18,
            13,
            16,
            11,
            16,
            17,
            14,
            11,
            12,
            20,
            16,
            19,
            18,
            14,
            17,
            17,
            9,
            14,
            20,
            18,
            14,
            11,
            7,
            18,
            16,
            7,
            15,
            10,
            11
        ]
    },
    "runNumber": "337-113",
    "testType": "PEDESTAL_TRIM_PPA"
}
