{
    "date": "2023-10-26T10:25:17.000Z",
    "institution": "LUND",
    "passed": true,
    "problems": false,
    "properties": {
        "DCS": {
            "ABC_temp_raw_1": 2770.0,
            "ABC_temp_raw_10": 2669.0,
            "ABC_temp_raw_2": 2949.0,
            "ABC_temp_raw_3": 2823.0,
            "ABC_temp_raw_4": 2855.0,
            "ABC_temp_raw_5": 2701.0,
            "ABC_temp_raw_6": 2506.0,
            "ABC_temp_raw_7": 2776.0,
            "ABC_temp_raw_8": 2783.0,
            "ABC_temp_raw_9": 2713.0,
            "AMAC_AM600BG": 668.0,
            "AMAC_AM900BG": 983.0,
            "AMAC_AMref": 135.0,
            "AMAC_BG600": 707.0,
            "AMAC_CAL": 5.0,
            "AMAC_CALx": 39.0,
            "AMAC_CALy": 40.0,
            "AMAC_CHIPGND": 18.0,
            "AMAC_CTAT": 553.0,
            "AMAC_Cur10V": 846.0,
            "AMAC_Cur1V5": 568.0,
            "AMAC_DCDCin": 11925.0,
            "AMAC_DCDCinHigh": 942.0,
            "AMAC_DCDCinLow": 934.0,
            "AMAC_DCDCoutHigh": 888.0,
            "AMAC_DCDCoutLow": 873.0,
            "AMAC_HGND": 18.0,
            "AMAC_HVret": 511.0,
            "AMAC_HVret_V": 100.0,
            "AMAC_Hrefx": 36.0,
            "AMAC_Hrefy": 35.0,
            "AMAC_NTCpb": 2.6196837425231934,
            "AMAC_NTCpb_V": 419.0,
            "AMAC_NTCx": -2.7559571266174316,
            "AMAC_NTCx_V": 401.0,
            "AMAC_NTCy": -29.8878231048584,
            "AMAC_NTCy_V": 287.0,
            "AMAC_PTAT_V": 1208.0,
            "AMAC_Shuntx": 168.0,
            "AMAC_Shunty": 162.0,
            "AMAC_VDCDC": 1446.0,
            "AMAC_VDDHI": 3512.0,
            "AMAC_VDDLRhigh": 862.0,
            "AMAC_VDDLRlow": 861.0,
            "AMAC_VREG": 1320.0,
            "HCC_temp_raw": 415.0,
            "HCC_temp_rough_cal": 23.81500244140625,
            "Module 1_HV_current": 35526.19921875,
            "Module 1_HV_voltage": -349960.0
        },
        "FRACTION": 0.57,
        "det_info": {
            "ABC_Fuse": [
                "8943d857",
                "8943d856",
                "8943d855",
                "8943d853",
                "8943d852",
                "8943d851",
                "8943d850",
                "8943d84f",
                "8943d84e",
                "8943d84d"
            ],
            "Address": [
                0,
                1,
                2,
                3,
                4,
                5,
                6,
                7,
                8,
                9
            ],
            "Channel": [
                1,
                2,
                3,
                4,
                5,
                6,
                7,
                8,
                9,
                10
            ],
            "DUT_type": "ABCStar_Test     #FMC-DP connec",
            "HCC_Fuse": "20401216",
            "Module 1_HV_model": "dt1415",
            "name": "star_barrel_LS_X_chipset_10"
        },
        "scan_info": {
            "event_count": 32
        },
        "system_info": {
            "Analysis_time": "2023-10-26T10:25:18.000Z",
            "Firmware revision": "0xb5fb",
            "GIT URL": "https://gitlab.cern.ch/atlas-itk-strips-daq/itsdaq-sw.git/-/tree/2c16fbef8ab56ba4f093cdec5b766ec08fbfe7b0",
            "GIT branch": "",
            "GIT build date": "2023-10-19 12:01:05 +0000 (Thu, 19 Oct 2023)",
            "GIT commit date": "2023-10-18 14:18:06 +0000 (Wed, 18 Oct 2023)",
            "GIT describe": "itsdaq_23_3_2023-832-g2c16fbef8",
            "GIT revision": "2c16fbef8ab56ba4f093cdec5b766ec08fbfe7b0",
            "Location": "COLDBOX",
            "User": "EWAL",
            "analysis_version": "3.43",
            "dedication": "New dedication as we're going for PPA",
            "host": "itkdaq"
        }
    },
    "results": {
        "StrobeDelay_away": [
            20,
            20,
            22,
            14,
            22,
            25,
            19,
            16,
            19,
            20,
            -1,
            -1,
            -1,
            -1,
            -1,
            -1
        ],
        "StrobeDelay_under": [
            20,
            20,
            22,
            14,
            22,
            24,
            19,
            16,
            19,
            20,
            -1,
            -1,
            -1,
            -1,
            -1,
            -1
        ]
    },
    "runNumber": "337-2",
    "testType": "STROBE_DELAY_PPA"
}
