{
    "date": "2023-10-26T11:16:10.000Z",
    "institution": "LUND",
    "passed": true,
    "problems": false,
    "properties": {
        "DCS": {
            "ABC_temp_raw_1": 2784.0,
            "ABC_temp_raw_10": 2683.0,
            "ABC_temp_raw_2": 2956.0,
            "ABC_temp_raw_3": 2835.0,
            "ABC_temp_raw_4": 2864.0,
            "ABC_temp_raw_5": 2709.0,
            "ABC_temp_raw_6": 2520.0,
            "ABC_temp_raw_7": 2786.0,
            "ABC_temp_raw_8": 2795.0,
            "ABC_temp_raw_9": 2720.0,
            "AMAC_AM600BG": 669.0,
            "AMAC_AM900BG": 984.0,
            "AMAC_AMref": 135.0,
            "AMAC_BG600": 708.0,
            "AMAC_CAL": 5.0,
            "AMAC_CALx": 39.0,
            "AMAC_CALy": 40.0,
            "AMAC_CHIPGND": 18.0,
            "AMAC_CTAT": 555.0,
            "AMAC_Cur10V": 859.0,
            "AMAC_Cur1V5": 542.0,
            "AMAC_DCDCin": 11940.0,
            "AMAC_DCDCinHigh": 943.0,
            "AMAC_DCDCinLow": 936.0,
            "AMAC_DCDCoutHigh": 890.0,
            "AMAC_DCDCoutLow": 872.0,
            "AMAC_HGND": 18.0,
            "AMAC_HVret": 527.0,
            "AMAC_HVret_V": 103.0,
            "AMAC_Hrefx": 36.0,
            "AMAC_Hrefy": 35.0,
            "AMAC_NTCpb": 1.788385033607483,
            "AMAC_NTCpb_V": 413.0,
            "AMAC_NTCx": -3.6285462379455566,
            "AMAC_NTCx_V": 395.0,
            "AMAC_NTCy": -29.8878231048584,
            "AMAC_NTCy_V": 288.0,
            "AMAC_PTAT_V": 1204.0,
            "AMAC_Shuntx": 168.0,
            "AMAC_Shunty": 163.0,
            "AMAC_VDCDC": 1446.0,
            "AMAC_VDDHI": 3520.0,
            "AMAC_VDDLRhigh": 862.0,
            "AMAC_VDDLRlow": 864.0,
            "AMAC_VREG": 1321.5,
            "HCC_temp_raw": 416.0,
            "HCC_temp_rough_cal": 23.175994873046875,
            "Module 1_HV_current": 35525.0,
            "Module 1_HV_voltage": -349960.0
        },
        "FRACTION": 0.57,
        "det_info": {
            "ABC_Fuse": [
                "8943d857",
                "8943d856",
                "8943d855",
                "8943d853",
                "8943d852",
                "8943d851",
                "8943d850",
                "8943d84f",
                "8943d84e",
                "8943d84d"
            ],
            "Address": [
                0,
                1,
                2,
                3,
                4,
                5,
                6,
                7,
                8,
                9
            ],
            "Channel": [
                1,
                2,
                3,
                4,
                5,
                6,
                7,
                8,
                9,
                10
            ],
            "DUT_type": "ABCStar_Test     #FMC-DP connec",
            "HCC_Fuse": "20401216",
            "Module 1_HV_model": "dt1415",
            "name": "star_barrel_LS_X_chipset_10"
        },
        "scan_info": {
            "event_count": 32
        },
        "system_info": {
            "Analysis_time": "2023-10-26T11:16:11.000Z",
            "Firmware revision": "0xb5fb",
            "GIT URL": "https://gitlab.cern.ch/atlas-itk-strips-daq/itsdaq-sw.git/-/tree/2c16fbef8ab56ba4f093cdec5b766ec08fbfe7b0",
            "GIT branch": "",
            "GIT build date": "2023-10-19 12:01:05 +0000 (Thu, 19 Oct 2023)",
            "GIT commit date": "2023-10-18 14:18:06 +0000 (Wed, 18 Oct 2023)",
            "GIT describe": "itsdaq_23_3_2023-832-g2c16fbef8",
            "GIT revision": "2c16fbef8ab56ba4f093cdec5b766ec08fbfe7b0",
            "Location": "COLDBOX",
            "User": "EWAL",
            "analysis_version": "3.43",
            "dedication": "New dedication as we're going for PPA",
            "host": "itkdaq"
        }
    },
    "results": {
        "StrobeDelay_away": [
            20,
            20,
            22,
            14,
            22,
            25,
            19,
            16,
            19,
            20,
            -1,
            -1,
            -1,
            -1,
            -1,
            -1
        ],
        "StrobeDelay_under": [
            20,
            20,
            22,
            14,
            22,
            24,
            18,
            16,
            19,
            20,
            -1,
            -1,
            -1,
            -1,
            -1,
            -1
        ]
    },
    "runNumber": "337-34",
    "testType": "STROBE_DELAY_PPA"
}
