{
    "date": "2023-10-26T12:57:51.000Z",
    "institution": "LUND",
    "passed": true,
    "problems": false,
    "properties": {
        "DCS": {
            "ABC_temp_raw_1": 2789.0,
            "ABC_temp_raw_10": 2686.0,
            "ABC_temp_raw_2": 2968.0,
            "ABC_temp_raw_3": 2843.0,
            "ABC_temp_raw_4": 2879.0,
            "ABC_temp_raw_5": 2717.0,
            "ABC_temp_raw_6": 2527.0,
            "ABC_temp_raw_7": 2797.0,
            "ABC_temp_raw_8": 2804.0,
            "ABC_temp_raw_9": 2731.0,
            "AMAC_AM600BG": 669.0,
            "AMAC_AM900BG": 985.0,
            "AMAC_AMref": 135.0,
            "AMAC_BG600": 709.0,
            "AMAC_CAL": 5.0,
            "AMAC_CALx": 40.0,
            "AMAC_CALy": 40.0,
            "AMAC_CHIPGND": 18.0,
            "AMAC_CTAT": 558.0,
            "AMAC_Cur10V": 878.0,
            "AMAC_Cur1V5": 561.0,
            "AMAC_DCDCin": 11955.0,
            "AMAC_DCDCinHigh": 945.0,
            "AMAC_DCDCinLow": 937.0,
            "AMAC_DCDCoutHigh": 891.0,
            "AMAC_DCDCoutLow": 875.0,
            "AMAC_HGND": 18.0,
            "AMAC_HVret": 520.0,
            "AMAC_HVret_V": 109.0,
            "AMAC_Hrefx": 36.0,
            "AMAC_Hrefy": 37.0,
            "AMAC_NTCpb": 0.9265381097793579,
            "AMAC_NTCpb_V": 406.0,
            "AMAC_NTCx": -4.531561374664307,
            "AMAC_NTCx_V": 389.0,
            "AMAC_NTCy": -29.425634384155273,
            "AMAC_NTCy_V": 288.0,
            "AMAC_PTAT_V": 1200.0,
            "AMAC_Shuntx": 169.0,
            "AMAC_Shunty": 163.0,
            "AMAC_VDCDC": 1448.0,
            "AMAC_VDDHI": 3520.0,
            "AMAC_VDDLRhigh": 864.0,
            "AMAC_VDDLRlow": 862.0,
            "AMAC_VREG": 1324.5,
            "HCC_temp_raw": 418.0,
            "HCC_temp_rough_cal": 21.89801025390625,
            "Module 1_HV_current": 35525.30078125,
            "Module 1_HV_voltage": -349960.0
        },
        "FRACTION": 0.57,
        "det_info": {
            "ABC_Fuse": [
                "8943d857",
                "8943d856",
                "8943d855",
                "8943d853",
                "8943d852",
                "8943d851",
                "8943d850",
                "8943d84f",
                "8943d84e",
                "8943d84d"
            ],
            "Address": [
                0,
                1,
                2,
                3,
                4,
                5,
                6,
                7,
                8,
                9
            ],
            "Channel": [
                1,
                2,
                3,
                4,
                5,
                6,
                7,
                8,
                9,
                10
            ],
            "DUT_type": "ABCStar_Test     #FMC-DP connec",
            "HCC_Fuse": "20401216",
            "Module 1_HV_model": "dt1415",
            "name": "star_barrel_LS_X_chipset_10"
        },
        "scan_info": {
            "event_count": 32
        },
        "system_info": {
            "Analysis_time": "2023-10-26T12:57:52.000Z",
            "Firmware revision": "0xb5fb",
            "GIT URL": "https://gitlab.cern.ch/atlas-itk-strips-daq/itsdaq-sw.git/-/tree/2c16fbef8ab56ba4f093cdec5b766ec08fbfe7b0",
            "GIT branch": "",
            "GIT build date": "2023-10-19 12:01:05 +0000 (Thu, 19 Oct 2023)",
            "GIT commit date": "2023-10-18 14:18:06 +0000 (Wed, 18 Oct 2023)",
            "GIT describe": "itsdaq_23_3_2023-832-g2c16fbef8",
            "GIT revision": "2c16fbef8ab56ba4f093cdec5b766ec08fbfe7b0",
            "Location": "COLDBOX",
            "User": "EWAL",
            "analysis_version": "3.43",
            "dedication": "New dedication as we're going for PPA",
            "host": "itkdaq"
        }
    },
    "results": {
        "StrobeDelay_away": [
            20,
            20,
            21,
            14,
            22,
            24,
            19,
            16,
            19,
            19,
            -1,
            -1,
            -1,
            -1,
            -1,
            -1
        ],
        "StrobeDelay_under": [
            20,
            20,
            21,
            14,
            22,
            24,
            18,
            16,
            19,
            19,
            -1,
            -1,
            -1,
            -1,
            -1,
            -1
        ]
    },
    "runNumber": "337-98",
    "testType": "STROBE_DELAY_PPA"
}
