{
    "comments": [
        "FAIL due to 2560 bad strips (more than 15)",
        "FAIL due to 1280 consecutive bad strips (more than 8)",
        "No trim data found"
    ],
    "date": "2023-10-26T13:30:44.000Z",
    "defects": [
        {
            "description": "High Noise occupancy > 0.000500",
            "name": "NO_HI",
            "properties": {
                "chip_bank": "under",
                "chip_in_histo": 0
            }
        },
        {
            "description": "High Noise occupancy > 0.000500",
            "name": "NO_HI",
            "properties": {
                "chip_bank": "under",
                "chip_in_histo": 1
            }
        },
        {
            "description": "High Noise occupancy > 0.000500",
            "name": "NO_HI",
            "properties": {
                "chip_bank": "under",
                "chip_in_histo": 2
            }
        },
        {
            "description": "High Noise occupancy > 0.000500",
            "name": "NO_HI",
            "properties": {
                "chip_bank": "under",
                "chip_in_histo": 3
            }
        },
        {
            "description": "High Noise occupancy > 0.000500",
            "name": "NO_HI",
            "properties": {
                "chip_bank": "under",
                "chip_in_histo": 4
            }
        },
        {
            "description": "High Noise occupancy > 0.000500",
            "name": "NO_HI",
            "properties": {
                "chip_bank": "under",
                "chip_in_histo": 5
            }
        },
        {
            "description": "High Noise occupancy > 0.000500",
            "name": "NO_HI",
            "properties": {
                "chip_bank": "under",
                "chip_in_histo": 6
            }
        },
        {
            "description": "High Noise occupancy > 0.000500",
            "name": "NO_HI",
            "properties": {
                "chip_bank": "under",
                "chip_in_histo": 7
            }
        },
        {
            "description": "High Noise occupancy > 0.000500",
            "name": "NO_HI",
            "properties": {
                "chip_bank": "under",
                "chip_in_histo": 8
            }
        },
        {
            "description": "High Noise occupancy > 0.000500",
            "name": "NO_HI",
            "properties": {
                "chip_bank": "under",
                "chip_in_histo": 9
            }
        },
        {
            "description": "High Noise occupancy > 0.000500",
            "name": "NO_HI",
            "properties": {
                "chip_bank": "away",
                "chip_in_histo": 0
            }
        },
        {
            "description": "High Noise occupancy > 0.000500",
            "name": "NO_HI",
            "properties": {
                "chip_bank": "away",
                "chip_in_histo": 1
            }
        },
        {
            "description": "High Noise occupancy > 0.000500",
            "name": "NO_HI",
            "properties": {
                "chip_bank": "away",
                "chip_in_histo": 2
            }
        },
        {
            "description": "High Noise occupancy > 0.000500",
            "name": "NO_HI",
            "properties": {
                "chip_bank": "away",
                "chip_in_histo": 3
            }
        },
        {
            "description": "High Noise occupancy > 0.000500",
            "name": "NO_HI",
            "properties": {
                "chip_bank": "away",
                "chip_in_histo": 4
            }
        },
        {
            "description": "High Noise occupancy > 0.000500",
            "name": "NO_HI",
            "properties": {
                "chip_bank": "away",
                "chip_in_histo": 5
            }
        },
        {
            "description": "High Noise occupancy > 0.000500",
            "name": "NO_HI",
            "properties": {
                "chip_bank": "away",
                "chip_in_histo": 6
            }
        },
        {
            "description": "High Noise occupancy > 0.000500",
            "name": "NO_HI",
            "properties": {
                "chip_bank": "away",
                "chip_in_histo": 7
            }
        },
        {
            "description": "High Noise occupancy > 0.000500",
            "name": "NO_HI",
            "properties": {
                "chip_bank": "away",
                "chip_in_histo": 8
            }
        },
        {
            "description": "High Noise occupancy > 0.000500",
            "name": "NO_HI",
            "properties": {
                "chip_bank": "away",
                "chip_in_histo": 9
            }
        }
    ],
    "institution": "LUND",
    "passed": false,
    "problems": false,
    "properties": {
        "DCS": {
            "ABC_temp_raw_1": 2448.0,
            "ABC_temp_raw_10": 2379.0,
            "ABC_temp_raw_2": 2585.0,
            "ABC_temp_raw_3": 2502.0,
            "ABC_temp_raw_4": 2511.0,
            "ABC_temp_raw_5": 2390.0,
            "ABC_temp_raw_6": 2250.0,
            "ABC_temp_raw_7": 2469.0,
            "ABC_temp_raw_8": 2459.0,
            "ABC_temp_raw_9": 2441.0,
            "AMAC_AM600BG": 654.0,
            "AMAC_AM900BG": 963.0,
            "AMAC_AMref": 131.0,
            "AMAC_BG600": 687.0,
            "AMAC_CAL": 4.0,
            "AMAC_CALx": 43.0,
            "AMAC_CALy": 43.0,
            "AMAC_CHIPGND": 18.0,
            "AMAC_CTAT": 494.0,
            "AMAC_Cur10V": 740.0,
            "AMAC_Cur1V5": 622.0,
            "AMAC_DCDCin": 11685.0,
            "AMAC_DCDCinHigh": 914.0,
            "AMAC_DCDCinLow": 912.0,
            "AMAC_DCDCoutHigh": 843.0,
            "AMAC_DCDCoutLow": 824.0,
            "AMAC_HGND": 17.0,
            "AMAC_HVret": 667.0,
            "AMAC_HVret_V": 132.0,
            "AMAC_Hrefx": 35.0,
            "AMAC_Hrefy": 23.0,
            "AMAC_NTCpb": 31.04973793029785,
            "AMAC_NTCpb_V": 859.0,
            "AMAC_NTCx": 25.448755264282227,
            "AMAC_NTCx_V": 735.0,
            "AMAC_NTCy": -32.372825622558594,
            "AMAC_NTCy_V": 283.0,
            "AMAC_PTAT_V": 1350.0,
            "AMAC_Shuntx": 162.0,
            "AMAC_Shunty": 158.0,
            "AMAC_VDCDC": 1394.0,
            "AMAC_VDDHI": 3444.0,
            "AMAC_VDDLRhigh": 836.0,
            "AMAC_VDDLRlow": 836.0,
            "AMAC_VREG": 1284.0,
            "HCC_temp_raw": 374.0,
            "HCC_temp_rough_cal": 50.014007568359375,
            "Module 1_HV_current": 35666.80078125,
            "Module 1_HV_voltage": -349940.0
        },
        "det_info": {
            "ABC_Fuse": [
                "8943d857",
                "8943d856",
                "8943d855",
                "8943d853",
                "8943d852",
                "8943d851",
                "8943d850",
                "8943d84f",
                "8943d84e",
                "8943d84d"
            ],
            "Address": [
                0,
                1,
                2,
                3,
                4,
                5,
                6,
                7,
                8,
                9
            ],
            "Channel": [
                1,
                2,
                3,
                4,
                5,
                6,
                7,
                8,
                9,
                10
            ],
            "DUT_type": "ABCStar_Test     #FMC-DP connec",
            "HCC_Fuse": "20401216",
            "Module 1_HV_model": "dt1415",
            "name": "star_barrel_LS_X_chipset_10"
        },
        "scan_info": {
            "event_count": [
                248,
                248,
                248,
                248,
                248,
                248,
                248,
                248,
                248,
                248,
                248,
                248,
                248,
                248,
                248,
                248,
                248,
                248,
                248,
                496,
                744,
                1736,
                3472,
                7936,
                19840,
                47616,
                95232,
                190464,
                380928,
                761856,
                1523712,
                3047424,
                6094848,
                12189696,
                24379392,
                48758784,
                64000120,
                64000120,
                64000120,
                64000120,
                16252928
            ],
            "rc_fit": [
                [
                    1271.2099609375,
                    4.010000228881836,
                    -606.22998046875
                ],
                [
                    1228.9100341796875,
                    3.880000114440918,
                    -585.3400268554688
                ],
                [
                    1291.300048828125,
                    4.260000228881836,
                    -616.6900024414063
                ],
                [
                    1254.5999755859375,
                    4.019999980926514,
                    -597.0
                ],
                [
                    1342.280029296875,
                    4.409999847412109,
                    -641.22998046875
                ],
                [
                    1222.9599609375,
                    3.9800000190734863,
                    -581.239990234375
                ],
                [
                    1327.1300048828125,
                    4.380000114440918,
                    -633.5800170898438
                ],
                [
                    1268.4300537109375,
                    4.0,
                    -603.8099975585938
                ],
                [
                    1405.97998046875,
                    4.679999828338623,
                    -673.8800048828125
                ],
                [
                    1261.25,
                    3.950000047683716,
                    -601.1699829101563
                ],
                [
                    1281.6500244140625,
                    4.050000190734863,
                    -610.8400268554688
                ],
                [
                    1233.8299560546875,
                    3.9100000858306885,
                    -586.8200073242188
                ],
                [
                    1292.6800537109375,
                    4.28000020980835,
                    -616.3800048828125
                ],
                [
                    1257.06005859375,
                    4.019999980926514,
                    -597.6099853515625
                ],
                [
                    1344.9100341796875,
                    4.409999847412109,
                    -642.0800170898438
                ],
                [
                    1232.4599609375,
                    4.010000228881836,
                    -585.27001953125
                ],
                [
                    1334.93994140625,
                    4.429999828338623,
                    -637.1699829101563
                ],
                [
                    1282.5,
                    4.050000190734863,
                    -610.3599853515625
                ],
                [
                    1406.8599853515625,
                    4.690000057220459,
                    -674.030029296875
                ],
                [
                    1265.4300537109375,
                    3.9700000286102295,
                    -602.719970703125
                ]
            ],
            "rc_func": [
                3,
                3,
                3,
                3,
                3,
                3,
                3,
                3,
                3,
                3,
                3,
                3,
                3,
                3,
                3,
                3,
                3,
                3,
                3,
                3
            ],
            "trim_target": [
                15.0,
                15.0,
                15.0,
                15.0,
                15.0,
                15.0,
                15.0,
                15.0,
                15.0,
                15.0,
                15.0,
                15.0,
                15.0,
                15.0,
                15.0,
                15.0,
                15.0,
                15.0,
                15.0,
                15.0
            ]
        },
        "system_info": {
            "Analysis_time": "2023-10-26T13:30:44.000Z",
            "Firmware revision": "0xb5fb",
            "GIT URL": "https://gitlab.cern.ch/atlas-itk-strips-daq/itsdaq-sw.git/-/tree/2c16fbef8ab56ba4f093cdec5b766ec08fbfe7b0",
            "GIT branch": "",
            "GIT build date": "2023-10-19 12:01:05 +0000 (Thu, 19 Oct 2023)",
            "GIT commit date": "2023-10-18 14:18:06 +0000 (Wed, 18 Oct 2023)",
            "GIT describe": "itsdaq_23_3_2023-832-g2c16fbef8",
            "GIT revision": "2c16fbef8ab56ba4f093cdec5b766ec08fbfe7b0",
            "Location": "COLDBOX",
            "User": "EWAL",
            "analysis_version": "3.43",
            "dedication": "New dedication as we're going for PPA",
            "host": "itkdaq"
        }
    },
    "results": {
        "enc_est_away": [
            1843.2926025390625,
            1886.0635986328125,
            1863.2808837890625,
            1884.501953125,
            1737.8624267578125,
            1668.73974609375,
            1698.3779296875,
            1813.4241943359375,
            1770.20947265625,
            1825.241943359375
        ],
        "enc_est_under": [
            1847.9307861328125,
            1868.25146484375,
            1842.2738037109375,
            1734.62255859375,
            1648.2559814453125,
            1523.893310546875,
            1569.357177734375,
            1672.350830078125,
            1757.387451171875,
            1771.269775390625
        ],
        "occupancy_mean_away": [
            0.3269909918308258,
            0.32006046175956726,
            0.3246283531188965,
            0.3321257531642914,
            0.3259829580783844,
            0.33839479088783264,
            0.33609503507614136,
            0.3344569504261017,
            0.3361895978450775,
            0.3399069011211395
        ],
        "occupancy_mean_under": [
            0.3512475788593292,
            0.3414819836616516,
            0.3435295820236206,
            0.35178321599960327,
            0.34132441878318787,
            0.3606036603450775,
            0.3634387254714966,
            0.3479398190975189,
            0.3473413586616516,
            0.34519925713539124
        ],
        "occupancy_rms_away": [
            0.030929014086723328,
            0.028641270473599434,
            0.027588561177253723,
            0.027972064912319183,
            0.02709818072617054,
            0.023298116400837898,
            0.027660254389047623,
            0.028375310823321342,
            0.025715524330735207,
            0.026900211349129677
        ],
        "occupancy_rms_under": [
            0.026490403339266777,
            0.0255258958786726,
            0.03022117353975773,
            0.027416514232754707,
            0.028497178107500076,
            0.022785846143960953,
            0.025369254872202873,
            0.02225261926651001,
            0.028861001133918762,
            0.025523323565721512
        ],
        "offset_away": [
            11.798786163330078,
            11.887184143066406,
            12.123283386230469,
            12.199073791503906,
            12.131503105163574,
            12.175732612609863,
            12.143978118896484,
            11.862578392028809,
            12.0200777053833,
            11.798523902893066
        ],
        "offset_under": [
            11.789178848266602,
            11.754615783691406,
            11.956615447998047,
            12.180814743041992,
            12.122815132141113,
            11.968440055847168,
            12.107551574707031,
            11.868947982788086,
            12.078319549560547,
            11.86801815032959
        ]
    },
    "runNumber": "337-128",
    "testType": "NO_PPA"
}
