{
    "date": "2023-10-26T12:06:59.000Z",
    "institution": "LUND",
    "passed": true,
    "problems": false,
    "properties": {
        "DCS": {
            "ABC_temp_raw_1": 2787.0,
            "ABC_temp_raw_10": 2681.0,
            "ABC_temp_raw_2": 2964.0,
            "ABC_temp_raw_3": 2837.0,
            "ABC_temp_raw_4": 2874.0,
            "ABC_temp_raw_5": 2719.0,
            "ABC_temp_raw_6": 2524.0,
            "ABC_temp_raw_7": 2792.0,
            "ABC_temp_raw_8": 2800.0,
            "ABC_temp_raw_9": 2724.0,
            "AMAC_AM600BG": 668.0,
            "AMAC_AM900BG": 985.0,
            "AMAC_AMref": 135.0,
            "AMAC_BG600": 708.0,
            "AMAC_CAL": 5.0,
            "AMAC_CALx": 39.0,
            "AMAC_CALy": 40.0,
            "AMAC_CHIPGND": 18.0,
            "AMAC_CTAT": 557.0,
            "AMAC_Cur10V": 839.0,
            "AMAC_Cur1V5": 541.0,
            "AMAC_DCDCin": 11955.0,
            "AMAC_DCDCinHigh": 943.0,
            "AMAC_DCDCinLow": 937.0,
            "AMAC_DCDCoutHigh": 890.0,
            "AMAC_DCDCoutLow": 873.0,
            "AMAC_HGND": 18.0,
            "AMAC_HVret": 505.0,
            "AMAC_HVret_V": 99.0,
            "AMAC_Hrefx": 36.0,
            "AMAC_Hrefy": 36.0,
            "AMAC_NTCpb": 1.299798607826233,
            "AMAC_NTCpb_V": 408.0,
            "AMAC_NTCx": -4.227056980133057,
            "AMAC_NTCx_V": 391.0,
            "AMAC_NTCy": -29.425634384155273,
            "AMAC_NTCy_V": 288.0,
            "AMAC_PTAT_V": 1200.0,
            "AMAC_Shuntx": 168.0,
            "AMAC_Shunty": 163.0,
            "AMAC_VDCDC": 1448.0,
            "AMAC_VDDHI": 3520.0,
            "AMAC_VDDLRhigh": 864.0,
            "AMAC_VDDLRlow": 861.0,
            "AMAC_VREG": 1323.0,
            "HCC_temp_raw": 417.0,
            "HCC_temp_rough_cal": 22.5369873046875,
            "Module 1_HV_current": 35527.90234375,
            "Module 1_HV_voltage": -349940.0
        },
        "det_info": {
            "ABC_Fuse": [
                "8943d857",
                "8943d856",
                "8943d855",
                "8943d853",
                "8943d852",
                "8943d851",
                "8943d850",
                "8943d84f",
                "8943d84e",
                "8943d84d"
            ],
            "Address": [
                0,
                1,
                2,
                3,
                4,
                5,
                6,
                7,
                8,
                9
            ],
            "Channel": [
                1,
                2,
                3,
                4,
                5,
                6,
                7,
                8,
                9,
                10
            ],
            "DUT_type": "ABCStar_Test     #FMC-DP connec",
            "HCC_Fuse": "20401216",
            "Module 1_HV_model": "dt1415",
            "name": "star_barrel_LS_X_chipset_10"
        },
        "scan_info": {
            "event_count": 100
        },
        "system_info": {
            "Analysis_time": "2023-10-26T12:07:00.000Z",
            "Firmware revision": "0xb5fb",
            "GIT URL": "https://gitlab.cern.ch/atlas-itk-strips-daq/itsdaq-sw.git/-/tree/2c16fbef8ab56ba4f093cdec5b766ec08fbfe7b0",
            "GIT branch": "",
            "GIT build date": "2023-10-19 12:01:05 +0000 (Thu, 19 Oct 2023)",
            "GIT commit date": "2023-10-18 14:18:06 +0000 (Wed, 18 Oct 2023)",
            "GIT describe": "itsdaq_23_3_2023-832-g2c16fbef8",
            "GIT revision": "2c16fbef8ab56ba4f093cdec5b766ec08fbfe7b0",
            "Location": "COLDBOX",
            "User": "EWAL",
            "analysis_version": "3.43",
            "dedication": "New dedication as we're going for PPA",
            "host": "itkdaq"
        },
        "trim_offset": 15,
        "trim_range": 6
    },
    "results": {
        "trim_away": [
            8,
            15,
            15,
            14,
            24,
            6,
            12,
            6,
            8,
            13,
            12,
            13,
            14,
            9,
            2,
            12,
            9,
            17,
            21,
            18,
            12,
            17,
            16,
            17,
            10,
            15,
            13,
            12,
            11,
            6,
            10,
            19,
            17,
            2,
            17,
            6,
            15,
            9,
            15,
            13,
            12,
            7,
            14,
            16,
            12,
            9,
            22,
            16,
            20,
            16,
            10,
            14,
            14,
            15,
            15,
            2,
            18,
            9,
            13,
            20,
            8,
            9,
            27,
            10,
            15,
            4,
            7,
            8,
            17,
            9,
            21,
            7,
            13,
            13,
            15,
            21,
            13,
            19,
            14,
            15,
            11,
            14,
            13,
            17,
            19,
            19,
            10,
            20,
            17,
            12,
            11,
            15,
            10,
            15,
            18,
            11,
            11,
            8,
            15,
            14,
            20,
            17,
            15,
            11,
            12,
            17,
            17,
            10,
            9,
            10,
            14,
            18,
            20,
            8,
            8,
            15,
            10,
            13,
            14,
            9,
            11,
            11,
            13,
            16,
            13,
            16,
            19,
            14,
            13,
            10,
            14,
            13,
            17,
            19,
            6,
            16,
            15,
            20,
            20,
            15,
            12,
            8,
            18,
            17,
            15,
            26,
            21,
            9,
            19,
            16,
            20,
            20,
            8,
            7,
            14,
            17,
            22,
            8,
            8,
            18,
            14,
            17,
            16,
            23,
            9,
            15,
            15,
            11,
            11,
            11,
            15,
            12,
            10,
            20,
            20,
            17,
            13,
            11,
            14,
            21,
            21,
            14,
            11,
            15,
            8,
            19,
            21,
            11,
            13,
            13,
            21,
            17,
            16,
            14,
            10,
            7,
            11,
            14,
            19,
            14,
            13,
            9,
            21,
            11,
            21,
            12,
            14,
            10,
            15,
            13,
            14,
            15,
            13,
            9,
            12,
            9,
            20,
            19,
            4,
            15,
            13,
            18,
            16,
            22,
            8,
            23,
            10,
            8,
            9,
            6,
            15,
            19,
            12,
            14,
            23,
            14,
            13,
            12,
            14,
            8,
            14,
            7,
            9,
            11,
            9,
            13,
            21,
            17,
            14,
            9,
            16,
            16,
            15,
            11,
            18,
            20,
            13,
            19,
            18,
            27,
            19,
            8,
            13,
            15,
            17,
            15,
            17,
            21,
            20,
            13,
            16,
            15,
            15,
            13,
            16,
            14,
            18,
            9,
            20,
            12,
            8,
            17,
            13,
            18,
            25,
            16,
            17,
            15,
            22,
            25,
            16,
            15,
            20,
            17,
            15,
            18,
            6,
            19,
            15,
            16,
            13,
            11,
            18,
            20,
            13,
            20,
            11,
            16,
            20,
            14,
            10,
            14,
            11,
            25,
            13,
            12,
            16,
            3,
            23,
            11,
            16,
            20,
            16,
            3,
            11,
            17,
            14,
            18,
            6,
            16,
            15,
            13,
            15,
            11,
            20,
            18,
            14,
            20,
            14,
            16,
            12,
            19,
            10,
            22,
            19,
            24,
            13,
            19,
            17,
            12,
            11,
            16,
            15,
            23,
            20,
            14,
            15,
            17,
            20,
            13,
            15,
            15,
            18,
            8,
            12,
            14,
            13,
            9,
            15,
            15,
            13,
            12,
            12,
            9,
            11,
            16,
            16,
            8,
            13,
            13,
            13,
            18,
            16,
            15,
            16,
            22,
            21,
            19,
            19,
            28,
            14,
            21,
            7,
            12,
            18,
            22,
            8,
            18,
            16,
            12,
            14,
            18,
            17,
            17,
            15,
            12,
            14,
            9,
            11,
            19,
            19,
            9,
            19,
            19,
            14,
            14,
            22,
            27,
            12,
            19,
            10,
            16,
            11,
            19,
            20,
            19,
            11,
            11,
            18,
            16,
            21,
            25,
            14,
            13,
            15,
            15,
            17,
            20,
            7,
            20,
            17,
            21,
            19,
            16,
            13,
            18,
            16,
            13,
            17,
            14,
            14,
            17,
            21,
            19,
            14,
            18,
            17,
            16,
            13,
            24,
            13,
            15,
            7,
            17,
            12,
            13,
            8,
            17,
            28,
            22,
            18,
            18,
            21,
            14,
            20,
            15,
            14,
            14,
            16,
            17,
            18,
            11,
            15,
            16,
            20,
            8,
            12,
            23,
            5,
            10,
            17,
            6,
            9,
            12,
            15,
            15,
            14,
            19,
            17,
            11,
            10,
            16,
            16,
            12,
            21,
            6,
            5,
            9,
            20,
            13,
            11,
            12,
            23,
            11,
            13,
            12,
            19,
            17,
            10,
            19,
            16,
            19,
            20,
            18,
            15,
            13,
            23,
            17,
            15,
            18,
            5,
            15,
            13,
            15,
            19,
            12,
            14,
            20,
            17,
            10,
            21,
            13,
            10,
            11,
            17,
            11,
            15,
            18,
            7,
            20,
            19,
            17,
            16,
            19,
            15,
            18,
            18,
            13,
            18,
            23,
            20,
            19,
            10,
            12,
            17,
            21,
            14,
            19,
            20,
            19,
            11,
            17,
            20,
            13,
            16,
            16,
            21,
            16,
            15,
            6,
            21,
            23,
            11,
            14,
            11,
            14,
            20,
            12,
            14,
            19,
            13,
            11,
            19,
            20,
            17,
            13,
            25,
            15,
            10,
            22,
            13,
            20,
            17,
            16,
            22,
            18,
            20,
            24,
            15,
            16,
            18,
            13,
            22,
            12,
            12,
            14,
            11,
            18,
            15,
            12,
            18,
            13,
            21,
            15,
            20,
            23,
            13,
            13,
            14,
            8,
            18,
            8,
            25,
            7,
            23,
            9,
            13,
            17,
            9,
            11,
            12,
            16,
            6,
            8,
            12,
            7,
            21,
            13,
            14,
            14,
            15,
            15,
            0,
            15,
            11,
            15,
            16,
            5,
            19,
            17,
            9,
            19,
            13,
            15,
            18,
            16,
            14,
            7,
            11,
            11,
            7,
            7,
            16,
            14,
            14,
            11,
            15,
            10,
            9,
            14,
            19,
            6,
            22,
            6,
            8,
            23,
            16,
            14,
            18,
            10,
            16,
            16,
            28,
            14,
            11,
            18,
            9,
            19,
            15,
            18,
            9,
            13,
            16,
            25,
            17,
            15,
            21,
            13,
            17,
            17,
            7,
            11,
            18,
            10,
            9,
            22,
            20,
            19,
            15,
            9,
            12,
            15,
            19,
            9,
            17,
            20,
            22,
            16,
            15,
            23,
            16,
            15,
            20,
            15,
            12,
            12,
            16,
            17,
            24,
            6,
            18,
            17,
            21,
            21,
            13,
            16,
            18,
            15,
            18,
            9,
            25,
            13,
            5,
            16,
            16,
            20,
            12,
            18,
            21,
            19,
            13,
            19,
            17,
            24,
            18,
            12,
            15,
            14,
            18,
            10,
            14,
            20,
            21,
            20,
            21,
            21,
            19,
            12,
            23,
            17,
            22,
            19,
            28,
            14,
            14,
            27,
            17,
            23,
            14,
            27,
            26,
            6,
            22,
            10,
            15,
            18,
            15,
            17,
            23,
            7,
            21,
            6,
            13,
            19,
            22,
            25,
            15,
            20,
            22,
            12,
            18,
            26,
            15,
            13,
            21,
            19,
            9,
            11,
            16,
            19,
            18,
            18,
            12,
            20,
            15,
            9,
            17,
            7,
            19,
            18,
            22,
            16,
            22,
            7,
            14,
            24,
            10,
            19,
            20,
            21,
            25,
            14,
            23,
            14,
            22,
            18,
            15,
            20,
            8,
            20,
            22,
            16,
            13,
            17,
            27,
            21,
            13,
            16,
            15,
            17,
            4,
            13,
            19,
            18,
            20,
            14,
            14,
            11,
            21,
            15,
            19,
            21,
            13,
            20,
            14,
            21,
            22,
            11,
            18,
            19,
            18,
            18,
            26,
            12,
            12,
            18,
            22,
            19,
            17,
            26,
            17,
            11,
            19,
            23,
            9,
            16,
            5,
            13,
            13,
            21,
            16,
            18,
            15,
            19,
            18,
            15,
            24,
            13,
            19,
            16,
            17,
            14,
            17,
            16,
            13,
            19,
            13,
            8,
            17,
            25,
            18,
            24,
            18,
            12,
            15,
            13,
            13,
            18,
            12,
            9,
            13,
            9,
            13,
            20,
            13,
            17,
            12,
            7,
            11,
            10,
            13,
            8,
            14,
            11,
            17,
            13,
            11,
            10,
            20,
            13,
            18,
            10,
            12,
            14,
            15,
            13,
            14,
            13,
            20,
            9,
            15,
            4,
            9,
            18,
            16,
            21,
            25,
            8,
            17,
            16,
            5,
            9,
            16,
            15,
            16,
            10,
            20,
            16,
            11,
            10,
            17,
            15,
            16,
            9,
            25,
            15,
            20,
            11,
            14,
            20,
            9,
            11,
            14,
            17,
            3,
            12,
            11,
            15,
            14,
            14,
            13,
            14,
            16,
            15,
            12,
            18,
            14,
            20,
            15,
            14,
            21,
            9,
            14,
            12,
            14,
            13,
            19,
            14,
            16,
            16,
            11,
            20,
            19,
            15,
            7,
            17,
            14,
            17,
            14,
            19,
            12,
            15,
            15,
            17,
            20,
            23,
            8,
            16,
            15,
            20,
            14,
            18,
            21,
            18,
            21,
            10,
            20,
            16,
            12,
            5,
            15,
            16,
            19,
            21,
            18,
            14,
            21,
            11,
            18,
            20,
            20,
            17,
            12,
            19,
            11,
            10,
            12,
            11,
            17,
            20,
            26,
            22,
            16,
            5,
            12,
            10,
            13,
            25,
            12,
            14,
            24,
            13,
            18,
            11,
            8,
            24,
            10,
            14,
            10,
            19,
            13,
            24,
            14,
            23,
            14,
            14,
            20,
            10,
            24,
            15,
            15,
            13,
            17,
            22,
            15,
            17,
            20,
            12,
            20,
            21,
            11,
            13,
            21,
            17,
            20,
            11,
            22,
            15,
            20,
            8,
            14,
            19,
            14,
            10,
            18,
            11,
            15,
            9,
            14,
            21,
            13,
            10,
            14,
            13,
            13,
            24,
            22,
            15,
            16,
            18,
            25,
            20,
            10,
            17,
            22,
            19,
            11,
            18,
            18,
            22,
            19,
            14,
            14,
            11,
            18,
            11,
            15,
            19,
            13,
            11,
            18,
            12,
            18,
            16,
            4,
            18,
            17,
            14,
            12,
            16,
            9,
            11,
            15,
            11,
            16,
            14,
            12,
            1,
            22,
            13,
            14,
            16,
            17,
            10,
            18,
            16,
            16,
            16,
            13,
            12,
            14,
            10,
            12,
            15,
            15,
            8,
            7,
            22,
            16,
            17,
            16,
            16,
            21,
            17,
            10,
            22,
            15,
            14,
            9,
            13,
            11,
            15,
            0,
            14,
            20,
            7,
            17,
            14,
            12,
            22,
            14,
            11,
            16,
            11,
            16,
            14,
            12,
            13,
            23,
            7,
            10,
            12,
            20,
            20,
            18,
            15,
            10,
            7,
            9,
            14,
            17,
            11,
            15,
            9,
            15,
            15,
            18,
            17,
            10,
            10,
            15,
            19,
            8,
            12,
            18,
            19,
            11,
            15,
            13,
            14,
            12,
            14,
            18,
            11,
            18,
            14,
            10,
            16,
            13,
            18,
            23,
            21,
            15,
            16,
            16,
            8,
            18,
            10,
            10,
            16
        ],
        "trim_under": [
            13,
            11,
            20,
            9,
            9,
            26,
            12,
            12,
            8,
            13,
            9,
            11,
            17,
            16,
            15,
            22,
            18,
            5,
            9,
            5,
            14,
            14,
            7,
            16,
            9,
            7,
            11,
            10,
            12,
            15,
            14,
            5,
            14,
            6,
            17,
            10,
            16,
            12,
            25,
            12,
            19,
            0,
            12,
            16,
            14,
            12,
            16,
            20,
            14,
            20,
            22,
            13,
            10,
            19,
            16,
            1,
            9,
            12,
            11,
            18,
            14,
            17,
            8,
            18,
            12,
            12,
            8,
            16,
            15,
            8,
            10,
            13,
            5,
            8,
            16,
            14,
            4,
            15,
            15,
            16,
            9,
            14,
            17,
            14,
            19,
            17,
            21,
            11,
            7,
            11,
            12,
            15,
            16,
            8,
            10,
            16,
            11,
            12,
            18,
            15,
            21,
            11,
            24,
            12,
            7,
            15,
            13,
            5,
            18,
            15,
            11,
            20,
            17,
            6,
            5,
            2,
            12,
            6,
            16,
            15,
            2,
            10,
            10,
            3,
            10,
            8,
            8,
            6,
            17,
            18,
            23,
            12,
            16,
            10,
            7,
            15,
            10,
            15,
            10,
            15,
            11,
            15,
            18,
            14,
            21,
            17,
            19,
            17,
            14,
            11,
            10,
            16,
            16,
            18,
            12,
            16,
            10,
            14,
            9,
            11,
            17,
            14,
            9,
            9,
            16,
            19,
            12,
            15,
            10,
            13,
            7,
            15,
            22,
            9,
            17,
            17,
            22,
            15,
            16,
            17,
            9,
            8,
            14,
            16,
            20,
            20,
            14,
            18,
            13,
            12,
            17,
            19,
            13,
            19,
            16,
            16,
            10,
            24,
            12,
            14,
            10,
            17,
            17,
            12,
            10,
            9,
            23,
            17,
            17,
            20,
            16,
            10,
            21,
            19,
            20,
            18,
            19,
            9,
            17,
            12,
            20,
            13,
            24,
            10,
            13,
            16,
            18,
            16,
            13,
            12,
            13,
            12,
            11,
            20,
            15,
            15,
            15,
            16,
            22,
            13,
            16,
            14,
            20,
            13,
            10,
            10,
            13,
            17,
            14,
            10,
            13,
            13,
            13,
            10,
            11,
            13,
            7,
            14,
            14,
            11,
            13,
            13,
            16,
            19,
            17,
            14,
            17,
            17,
            19,
            9,
            9,
            17,
            13,
            25,
            12,
            24,
            17,
            17,
            18,
            15,
            21,
            15,
            13,
            5,
            16,
            12,
            12,
            18,
            22,
            10,
            14,
            18,
            20,
            15,
            15,
            11,
            17,
            12,
            15,
            17,
            17,
            13,
            14,
            11,
            10,
            15,
            23,
            18,
            11,
            15,
            15,
            19,
            8,
            27,
            13,
            12,
            11,
            12,
            23,
            20,
            13,
            17,
            10,
            12,
            20,
            21,
            20,
            22,
            11,
            17,
            27,
            15,
            11,
            21,
            17,
            14,
            14,
            13,
            12,
            12,
            17,
            17,
            12,
            17,
            12,
            13,
            17,
            19,
            17,
            21,
            11,
            9,
            16,
            10,
            13,
            18,
            16,
            9,
            12,
            16,
            13,
            18,
            18,
            15,
            10,
            13,
            11,
            15,
            11,
            18,
            13,
            17,
            8,
            17,
            14,
            12,
            11,
            10,
            16,
            17,
            12,
            15,
            13,
            16,
            17,
            13,
            20,
            14,
            16,
            18,
            11,
            12,
            21,
            13,
            20,
            11,
            17,
            15,
            15,
            17,
            14,
            22,
            14,
            5,
            16,
            21,
            11,
            16,
            13,
            11,
            16,
            14,
            24,
            12,
            17,
            22,
            21,
            19,
            15,
            7,
            19,
            10,
            7,
            26,
            12,
            13,
            12,
            20,
            19,
            16,
            11,
            18,
            10,
            15,
            21,
            10,
            20,
            11,
            16,
            13,
            18,
            16,
            12,
            10,
            16,
            19,
            9,
            15,
            11,
            11,
            17,
            14,
            24,
            17,
            13,
            14,
            14,
            8,
            11,
            17,
            14,
            23,
            13,
            17,
            11,
            18,
            17,
            12,
            21,
            13,
            12,
            17,
            22,
            25,
            24,
            21,
            14,
            16,
            26,
            6,
            23,
            10,
            16,
            15,
            11,
            17,
            19,
            16,
            13,
            17,
            11,
            24,
            3,
            17,
            16,
            14,
            11,
            20,
            10,
            21,
            16,
            16,
            22,
            17,
            10,
            11,
            12,
            19,
            26,
            13,
            14,
            6,
            14,
            12,
            17,
            13,
            11,
            9,
            13,
            10,
            9,
            14,
            15,
            13,
            21,
            25,
            15,
            23,
            19,
            17,
            16,
            18,
            12,
            12,
            11,
            18,
            16,
            18,
            10,
            15,
            22,
            17,
            22,
            25,
            17,
            10,
            12,
            18,
            19,
            13,
            13,
            19,
            16,
            16,
            5,
            18,
            18,
            21,
            20,
            14,
            19,
            14,
            22,
            17,
            19,
            26,
            23,
            12,
            24,
            16,
            6,
            17,
            12,
            12,
            20,
            24,
            11,
            13,
            14,
            18,
            24,
            16,
            20,
            23,
            2,
            19,
            12,
            14,
            20,
            9,
            19,
            20,
            15,
            16,
            15,
            17,
            19,
            14,
            22,
            11,
            15,
            15,
            15,
            14,
            10,
            14,
            16,
            14,
            22,
            22,
            24,
            12,
            21,
            29,
            17,
            8,
            19,
            18,
            14,
            11,
            14,
            15,
            14,
            7,
            13,
            18,
            21,
            9,
            26,
            11,
            14,
            13,
            11,
            15,
            19,
            12,
            12,
            19,
            15,
            14,
            3,
            7,
            5,
            12,
            4,
            12,
            15,
            9,
            15,
            18,
            0,
            7,
            8,
            15,
            8,
            7,
            5,
            9,
            17,
            15,
            21,
            14,
            13,
            12,
            19,
            16,
            8,
            21,
            13,
            5,
            21,
            10,
            14,
            12,
            15,
            8,
            13,
            26,
            10,
            13,
            22,
            19,
            15,
            12,
            15,
            19,
            0,
            7,
            18,
            13,
            14,
            16,
            10,
            6,
            8,
            12,
            8,
            6,
            14,
            15,
            11,
            12,
            12,
            13,
            14,
            21,
            11,
            18,
            14,
            9,
            14,
            16,
            17,
            6,
            9,
            14,
            16,
            21,
            18,
            11,
            24,
            11,
            21,
            15,
            16,
            17,
            17,
            8,
            16,
            16,
            10,
            14,
            13,
            17,
            11,
            16,
            19,
            20,
            11,
            5,
            19,
            17,
            17,
            11,
            12,
            13,
            3,
            14,
            12,
            14,
            22,
            10,
            22,
            14,
            17,
            16,
            9,
            13,
            15,
            14,
            13,
            18,
            14,
            12,
            18,
            14,
            16,
            11,
            13,
            14,
            21,
            16,
            18,
            15,
            19,
            8,
            13,
            19,
            22,
            13,
            17,
            21,
            27,
            16,
            7,
            18,
            19,
            7,
            18,
            17,
            13,
            20,
            16,
            17,
            15,
            20,
            19,
            22,
            16,
            13,
            18,
            28,
            17,
            20,
            16,
            21,
            19,
            28,
            20,
            14,
            18,
            17,
            13,
            17,
            12,
            14,
            13,
            19,
            21,
            14,
            20,
            18,
            13,
            14,
            22,
            17,
            12,
            22,
            22,
            20,
            13,
            13,
            21,
            23,
            11,
            10,
            21,
            14,
            8,
            20,
            13,
            20,
            21,
            16,
            27,
            19,
            22,
            5,
            13,
            21,
            18,
            14,
            12,
            19,
            15,
            11,
            21,
            12,
            17,
            15,
            14,
            12,
            20,
            17,
            18,
            14,
            18,
            9,
            18,
            16,
            13,
            19,
            13,
            18,
            12,
            11,
            14,
            17,
            18,
            17,
            15,
            15,
            20,
            13,
            28,
            15,
            16,
            17,
            18,
            22,
            20,
            22,
            20,
            21,
            18,
            14,
            6,
            16,
            12,
            11,
            15,
            16,
            9,
            18,
            23,
            16,
            12,
            15,
            9,
            9,
            12,
            17,
            13,
            17,
            8,
            15,
            11,
            11,
            13,
            13,
            7,
            0,
            16,
            14,
            14,
            13,
            12,
            11,
            25,
            18,
            21,
            14,
            13,
            8,
            15,
            17,
            10,
            14,
            17,
            18,
            17,
            18,
            8,
            10,
            12,
            13,
            14,
            10,
            13,
            17,
            17,
            14,
            0,
            16,
            14,
            8,
            16,
            13,
            14,
            18,
            10,
            20,
            14,
            9,
            8,
            14,
            14,
            15,
            12,
            7,
            13,
            15,
            5,
            16,
            13,
            14,
            16,
            15,
            5,
            18,
            13,
            14,
            18,
            8,
            4,
            16,
            6,
            12,
            16,
            4,
            16,
            14,
            16,
            16,
            10,
            15,
            17,
            15,
            18,
            18,
            13,
            10,
            11,
            13,
            18,
            14,
            18,
            13,
            8,
            17,
            15,
            11,
            23,
            15,
            19,
            15,
            18,
            13,
            14,
            12,
            13,
            27,
            22,
            12,
            16,
            21,
            20,
            17,
            22,
            19,
            14,
            12,
            26,
            20,
            17,
            13,
            23,
            19,
            13,
            18,
            19,
            12,
            14,
            22,
            19,
            15,
            14,
            22,
            9,
            19,
            19,
            16,
            20,
            19,
            13,
            16,
            26,
            19,
            7,
            7,
            14,
            16,
            19,
            12,
            12,
            18,
            10,
            11,
            27,
            12,
            9,
            23,
            14,
            16,
            17,
            24,
            12,
            17,
            24,
            21,
            16,
            8,
            12,
            14,
            21,
            25,
            18,
            20,
            22,
            18,
            14,
            15,
            18,
            17,
            28,
            13,
            15,
            11,
            24,
            20,
            14,
            15,
            16,
            18,
            24,
            23,
            14,
            16,
            22,
            17,
            19,
            21,
            17,
            22,
            12,
            21,
            26,
            28,
            17,
            15,
            14,
            13,
            22,
            11,
            19,
            19,
            21,
            15,
            11,
            11,
            13,
            14,
            8,
            14,
            14,
            17,
            19,
            7,
            12,
            18,
            20,
            20,
            20,
            15,
            21,
            14,
            24,
            11,
            21,
            20,
            15,
            21,
            13,
            15,
            18,
            11,
            12,
            16,
            17,
            23,
            12,
            11,
            17,
            14,
            19,
            14,
            24,
            10,
            8,
            18,
            21,
            13,
            16,
            15,
            16,
            19,
            19,
            21,
            3,
            16,
            18,
            17,
            13,
            12,
            12,
            7,
            16,
            9,
            5,
            6,
            12,
            12,
            13,
            17,
            11,
            19,
            12,
            18,
            11,
            14,
            10,
            13,
            13,
            9,
            19,
            9,
            9,
            16,
            11,
            16,
            5,
            10,
            10,
            15,
            15,
            16,
            9,
            17,
            11,
            8,
            25,
            16,
            19,
            23,
            12,
            14,
            9,
            13,
            14,
            13,
            9,
            13,
            7,
            16,
            12,
            13,
            20,
            8,
            11,
            18,
            13,
            10,
            15,
            9,
            14,
            18,
            13,
            12,
            12,
            13,
            11,
            18,
            13,
            16,
            11,
            16,
            17,
            13,
            11,
            11,
            20,
            17,
            20,
            18,
            14,
            18,
            18,
            9,
            14,
            20,
            18,
            13,
            11,
            6,
            18,
            16,
            6,
            15,
            11,
            10
        ]
    },
    "runNumber": "337-65",
    "testType": "PEDESTAL_TRIM_PPA"
}
